No,ExpNo,ExtractionType,FileCode,Photo,ExpCode,TreatmentCode,Treatment,Species,isolateRepNumber,techRepNumber,Condition,Dilution,HostVariety,ExposureTreatment,SampleNumber,chl
1,ES10,Digital,DSC_0038_ES10_01.sample1.BExpStd_ExpFixedMinusOne.clean.jpg.chl.csv,DSC_0038,ES10_01,ES10_Control_isoRep1_techRep1_100fold_AG4632,Control,Control,isoRep1,techRep1,shaking,100fold,AG4632,WBExpStd_ExpFixedMinusOne,sample1,362.699
2,ES10,Digital,DSC_0620_ES10_02.sample1.BExpStd_ExpFixedMinusOne.clean.jpg.chl.csv,DSC_0620,ES10_02,ES10_Control_isoRep1_techRep2_100fold_AG4632,Control,Control,isoRep1,techRep2,shaking,100fold,AG4632,WBExpStd_ExpFixedMinusOne,sample1,46.558
3,ES10,Digital,DSC_0614_ES10_03.sample1.BExpStd_ExpFixedMinusOne.clean.jpg.chl.csv,DSC_0614,ES10_03,ES10_Control_isoRep1_techRep3_100fold_AG4632,Control,Control,isoRep1,techRep3,shaking,100fold,AG4632,WBExpStd_ExpFixedMinusOne,sample1,208.31
4,ES10,Digital,DSC_0580_ES10_4.sample1.BExpStd_ExpFixedMinusOne.clean.jpg.chl.csv,DSC_0580,ES10_04,ES10_Control_isoRep2_techRep1_100fold_AG4632,Control,Control,isoRep2,techRep1,shaking,100fold,AG4632,WBExpStd_ExpFixedMinusOne,sample1,333.131
5,ES10,Digital,DSC_0092_ES10_05.sample1.BExpStd_ExpFixedMinusOne.clean.jpg.chl.csv,DSC_0092,ES10_05,ES10_Control_isoRep2_techRep2_100fold_AG4632,Control,Control,isoRep2,techRep2,shaking,100fold,AG4632,WBExpStd_ExpFixedMinusOne,sample1,431.351
6,ES10,Digital,DSC_0030_ES10_6.sample1.BExpStd_ExpFixedMinusOne.clean.jpg.chl.csv,DSC_0030,ES10_06,ES10_Control_isoRep2_techRep3_100fold_AG4632,Control,Control,isoRep2,techRep3,shaking,100fold,AG4632,WBExpStd_ExpFixedMinusOne,sample1,325.01
7,ES10,Digital,DSC_0594_ES10_07.sample1.BExpStd_ExpFixedMinusOne.clean.jpg.chl.csv,DSC_0594,ES10_07,ES10_Control_isoRep3_techRep1_100fold_AG4632,Control,Control,isoRep3,techRep1,shaking,100fold,AG4632,WBExpStd_ExpFixedMinusOne,sample1,356.441
8,ES10,Digital,DSC_0055_ES10_8.sample1.BExpStd_ExpFixedMinusOne.clean.jpg.chl.csv,DSC_0055,ES10_08,ES10_Control_isoRep3_techRep2_100fold_AG4632,Control,Control,isoRep3,techRep2,shaking,100fold,AG4632,WBExpStd_ExpFixedMinusOne,sample1,334.466
9,ES10,Digital,DSC_0006_ES10_09.sample1.WBExpStd_ExpFixedMinusOne.clean.jpg.chl.csv,DSC_0006,ES10_09,ES10_Control_isoRep3_techRep3_100fold_AG4632,Control,Control,isoRep3,techRep3,shaking,100fold,AG4632,WBExpStd_ExpFixedMinusOne,sample1,261.355
10,ES10,Digital,DSC_0550_ES10_10.sample1.BExpStd_ExpFixedMinusOne.clean.jpg.chl.csv,DSC_0550,ES10_10,ES10_Control_isoRep4_techRep1_100fold_AG4632,Control,Control,isoRep4,techRep1,shaking,100fold,AG4632,WBExpStd_ExpFixedMinusOne,sample1,214.429
11,ES10,Digital,DSC_0541_ES10_11.sample1.BExpStd_ExpFixedMinusOne.clean.jpg.chl.csv,DSC_0541,ES10_11,ES10_Control_isoRep4_techRep2_100fold_AG4632,Control,Control,isoRep4,techRep2,shaking,100fold,AG4632,WBExpStd_ExpFixedMinusOne,sample1,275.436
12,ES10,Digital,DSC_0539_ES10_12.sample1.BExpStd_ExpFixedMinusOne.clean.jpg.chl.csv,DSC_0539,ES10_12,ES10_Control_isoRep4_techRep3_100fold_AG4632,Control,Control,isoRep4,techRep3,shaking,100fold,AG4632,WBExpStd_ExpFixedMinusOne,sample1,335.571
13,ES10,Digital,DSC_0596_ES10_13.sample1.BExpStd_ExpFixedMinusOne.clean.jpg.chl.csv,DSC_0596,ES10_13,ES10_DMCC2165_isoRep1_techRep1_100fold_AG4632,DMCC2165,X.necrophora_DMCC2165_LA,isoRep1,techRep1,shaking,100fold,AG4632,WBExpStd_ExpFixedMinusOne,sample1,311.378
14,ES10,Digital,DSC_0618_ES10_14.sample1.BExpStd_ExpFixedMinusOne.clean.jpg.chl.csv,DSC_0618,ES10_14,ES10_DMCC2165_isoRep1_techRep2_100fold_AG4632,DMCC2165,X.necrophora_DMCC2165_LA,isoRep1,techRep2,shaking,100fold,AG4632,WBExpStd_ExpFixedMinusOne,sample1,86.048
15,ES10,Digital,DSC_0560_ES10_15.sample1.BExpStd_ExpFixedMinusOne.clean.jpg.chl.csv,DSC_0560,ES10_15,ES10_DMCC2165_isoRep1_techRep3_100fold_AG4632,DMCC2165,X.necrophora_DMCC2165_LA,isoRep1,techRep3,shaking,100fold,AG4632,WBExpStd_ExpFixedMinusOne,sample1,313.691
16,ES10,Digital,DSC_0066_ES10_16.sample1.BExpStd_ExpFixedMinusOne.clean.jpg.chl.csv,DSC_0066,ES10_16,ES10_DMCC2165_isoRep2_techRep1_100fold_AG4632,DMCC2165,X.necrophora_DMCC2165_LA,isoRep2,techRep1,shaking,100fold,AG4632,WBExpStd_ExpFixedMinusOne,sample1,351.172
17,ES10,Digital,DSC_0562_ES10_17.sample1.BExpStd_ExpFixedMinusOne.clean.jpg.chl.csv,DSC_0562,ES10_17,ES10_DMCC2165_isoRep2_techRep2_100fold_AG4632,DMCC2165,X.necrophora_DMCC2165_LA,isoRep2,techRep2,shaking,100fold,AG4632,WBExpStd_ExpFixedMinusOne,sample1,224.394
18,ES10,Digital,DSC_0610_ES10_18.sample1.BExpStd_ExpFixedMinusOne.clean.jpg.chl.csv,DSC_0610,ES10_18,ES10_DMCC2165_isoRep2_techRep3_100fold_AG4632,DMCC2165,X.necrophora_DMCC2165_LA,isoRep2,techRep3,shaking,100fold,AG4632,WBExpStd_ExpFixedMinusOne,sample1,76.713
19,ES10,Digital,DSC_0576_ES10_19.sample1.BExpStd_ExpFixedMinusOne.clean.jpg.chl.csv,DSC_0576,ES10_19,ES10_DMCC2165_isoRep3_techRep1_100fold_AG4632,DMCC2165,X.necrophora_DMCC2165_LA,isoRep3,techRep1,shaking,100fold,AG4632,WBExpStd_ExpFixedMinusOne,sample1,101.907
20,ES10,Digital,DSC_0049_ES10_20.sample1.BExpStd_ExpFixedMinusOne.clean.jpg.chl.csv,DSC_0049,ES10_20,ES10_DMCC2165_isoRep3_techRep2_100fold_AG4632,DMCC2165,X.necrophora_DMCC2165_LA,isoRep3,techRep2,shaking,100fold,AG4632,WBExpStd_ExpFixedMinusOne,sample1,346.116
21,ES10,Digital,DSC_0016_ES10_21.sample1.BExpStd_ExpFixedMinusOne.clean.jpg.chl.csv,DSC_0016,ES10_21,ES10_DMCC2165_isoRep3_techRep3_100fold_AG4632,DMCC2165,X.necrophora_DMCC2165_LA,isoRep3,techRep3,shaking,100fold,AG4632,WBExpStd_ExpFixedMinusOne,sample1,85.436
22,ES10,Digital,DSC_0602_ES10_22.sample1.BExpStd_ExpFixedMinusOne.clean.jpg.chl.csv,DSC_0602,ES10_22,ES10_DMCC2165_isoRep4_techRep1_100fold_AG4632,DMCC2165,X.necrophora_DMCC2165_LA,isoRep4,techRep1,shaking,100fold,AG4632,WBExpStd_ExpFixedMinusOne,sample1,298.351
23,ES10,Digital,DSC_0042_ES10_23.sample1.BExpStd_ExpFixedMinusOne.clean.jpg.chl.csv,DSC_0042,ES10_23,ES10_DMCC2165_isoRep4_techRep2_100fold_AG4632,DMCC2165,X.necrophora_DMCC2165_LA,isoRep4,techRep2,shaking,100fold,AG4632,WBExpStd_ExpFixedMinusOne,sample1,140.111
24,ES10,Digital,DSC_0053_ES10_24.sample1.BExpStd_ExpFixedMinusOne.clean.jpg.chl.csv,DSC_0053,ES10_24,ES10_DMCC2165_isoRep4_techRep3_100fold_AG4632,DMCC2165,X.necrophora_DMCC2165_LA,isoRep4,techRep3,shaking,100fold,AG4632,WBExpStd_ExpFixedMinusOne,sample1,318.374
25,ES10,Digital,DSC_0022_ES10_25.sample1.BExpStd_ExpFixedMinusOne.clean.jpg.chl.csv,DSC_0022,ES10_25,ES10_DMCC3828_isoRep1_techRep1_100fold_AG4632,DMCC3828,X.necrophora_DMCC3828_Martinique,isoRep1,techRep1,shaking,100fold,AG4632,WBExpStd_ExpFixedMinusOne,sample1,339.115
26,ES10,Digital,DSC_0088_ES10_26.sample1.BExpStd_ExpFixedMinusOne.clean.jpg.chl.csv,DSC_0088,ES10_26,ES10_DMCC3828_isoRep1_techRep2_100fold_AG4632,DMCC3828,X.necrophora_DMCC3828_Martinique,isoRep1,techRep2,shaking,100fold,AG4632,WBExpStd_ExpFixedMinusOne,sample1,376.736
27,ES10,Digital,DSC_0584_ES10_27.sample1.BExpStd_ExpFixedMinusOne.clean.jpg.chl.csv,DSC_0584,ES10_27,ES10_DMCC3828_isoRep1_techRep3_100fold_AG4632,DMCC3828,X.necrophora_DMCC3828_Martinique,isoRep1,techRep3,shaking,100fold,AG4632,WBExpStd_ExpFixedMinusOne,sample1,300.094
28,ES10,Digital,DSC_0018_ES10_28.sample1.BExpStd_ExpFixedMinusOne.clean.jpg.chl.csv,DSC_0018,ES10_28,ES10_DMCC3828_isoRep2_techRep1_100fold_AG4632,DMCC3828,X.necrophora_DMCC3828_Martinique,isoRep2,techRep1,shaking,100fold,AG4632,WBExpStd_ExpFixedMinusOne,sample1,377.302
29,ES10,Digital,DSC_0044_ES10_29.sample1.BExpStd_ExpFixedMinusOne.clean.jpg.chl.csv,DSC_0044,ES10_29,ES10_DMCC3828_isoRep2_techRep2_100fold_AG4632,DMCC3828,X.necrophora_DMCC3828_Martinique,isoRep2,techRep2,shaking,100fold,AG4632,WBExpStd_ExpFixedMinusOne,sample1,321.24
30,ES10,Digital,DSC_0566_ES10_30.sample1.BExpStd_ExpFixedMinusOne.clean.jpg.chl.csv,DSC_0566,ES10_30,ES10_DMCC3828_isoRep2_techRep3_100fold_AG4632,DMCC3828,X.necrophora_DMCC3828_Martinique,isoRep2,techRep3,shaking,100fold,AG4632,WBExpStd_ExpFixedMinusOne,sample1,313.256
31,ES10,Digital,DSC_0533_ES10_31.sample1.BExpStd_ExpFixedMinusOne.clean.jpg.chl.csv,DSC_0533,ES10_31,ES10_DMCC3828_isoRep3_techRep1_100fold_AG4632,DMCC3828,X.necrophora_DMCC3828_Martinique,isoRep3,techRep1,shaking,100fold,AG4632,WBExpStd_ExpFixedMinusOne,sample1,250.691
32,ES10,Digital,DSC_0002.ES10_32.sample1.WBExpStd_ExpFixedMinusOne.clean.jpg.chl.csv,DSC_0002,ES10_32,ES10_DMCC3828_isoRep3_techRep2_100fold_AG4632,DMCC3828,X.necrophora_DMCC3828_Martinique,isoRep3,techRep2,shaking,100fold,AG4632,WBExpStd_ExpFixedMinusOne,sample1,186.608
33,ES10,Digital,DSC_0020_ES10_33.sample1.BExpStd_ExpFixedMinusOne.clean.jpg.chl.csv,DSC_0020,ES10_33,ES10_DMCC3828_isoRep3_techRep3_100fold_AG4632,DMCC3828,X.necrophora_DMCC3828_Martinique,isoRep3,techRep3,shaking,100fold,AG4632,WBExpStd_ExpFixedMinusOne,sample1,287.048
34,ES10,Digital,DSC_0076_ES10_34.sample1.BExpStd_ExpFixedMinusOne.clean.jpg.chl.csv,DSC_0076,ES10_34,ES10_DMCC3828_isoRep4_techRep1_100fold_AG4632,DMCC3828,X.necrophora_DMCC3828_Martinique,isoRep4,techRep1,shaking,100fold,AG4632,WBExpStd_ExpFixedMinusOne,sample1,357.429
35,ES10,Digital,DSC_0061_ES10_35.sample1.BExpStd_ExpFixedMinusOne.clean.jpg.chl.csv,DSC_0061,ES10_35,ES10_DMCC3828_isoRep4_techRep2_100fold_AG4632,DMCC3828,X.necrophora_DMCC3828_Martinique,isoRep4,techRep2,shaking,100fold,AG4632,WBExpStd_ExpFixedMinusOne,sample1,399.545
36,ES10,Digital,DSC_0612_ES10_36.sample1.BExpStd_ExpFixedMinusOne.clean.jpg.chl.csv,DSC_0612,ES10_36,ES10_DMCC3828_isoRep4_techRep3_100fold_AG4632,DMCC3828,X.necrophora_DMCC3828_Martinique,isoRep4,techRep3,shaking,100fold,AG4632,WBExpStd_ExpFixedMinusOne,sample1,311.187
37,ES10,Digital,DSC_0556_ES10_37.sample1.BExpStd_ExpFixedMinusOne.clean.jpg.chl.csv,DSC_0556,ES10_37,ES10_DMCC3830_isoRep1_techRep1_100fold_AG4632,DMCC3830,X.cf.venustula_DMCC3830_LA,isoRep1,techRep1,shaking,100fold,AG4632,WBExpStd_ExpFixedMinusOne,sample1,38.425
38,ES10,Digital,DSC_0063_ES10_38.sample1.BExpStd_ExpFixedMinusOne.clean.jpg.chl.csv,DSC_0063,ES10_38,ES10_DMCC3830_isoRep1_techRep2_100fold_AG4632,DMCC3830,X.cf.venustula_DMCC3830_LA,isoRep1,techRep2,shaking,100fold,AG4632,WBExpStd_ExpFixedMinusOne,sample1,38.062
39,ES10,Digital,DSC_0537_ES10_39.sample1.BExpStd_ExpFixedMinusOne.clean.jpg.chl.csv,DSC_0537,ES10_39,ES10_DMCC3830_isoRep1_techRep3_100fold_AG4632,DMCC3830,X.cf.venustula_DMCC3830_LA,isoRep1,techRep3,shaking,100fold,AG4632,WBExpStd_ExpFixedMinusOne,sample1,34.743
40,ES10,Digital,DSC_0028_ES10_40.sample1.BExpStd_ExpFixedMinusOne.clean.jpg.chl.csv,DSC_0028,ES10_40,ES10_DMCC3830_isoRep2_techRep1_100fold_AG4632,DMCC3830,X.cf.venustula_DMCC3830_LA,isoRep2,techRep1,shaking,100fold,AG4632,WBExpStd_ExpFixedMinusOne,sample1,44.017
41,ES10,Digital,DSC_0080_ES10_41.sample1.BExpStd_ExpFixedMinusOne.clean.jpg.chl.csv,DSC_0080,ES10_41,ES10_DMCC3830_isoRep2_techRep2_100fold_AG4632,DMCC3830,X.cf.venustula_DMCC3830_LA,isoRep2,techRep2,shaking,100fold,AG4632,WBExpStd_ExpFixedMinusOne,sample1,301.794
42,ES10,Digital,DSC_0070_ES10_42.sample1.BExpStd_ExpFixedMinusOne.clean.jpg.chl.csv,DSC_0070,ES10_42,ES10_DMCC3830_isoRep2_techRep3_100fold_AG4632,DMCC3830,X.cf.venustula_DMCC3830_LA,isoRep2,techRep3,shaking,100fold,AG4632,WBExpStd_ExpFixedMinusOne,sample1,25.291
43,ES10,Digital,DSC_0078_ES10_43.sample1.BExpStd_ExpFixedMinusOne.clean.jpg.chl.csv,DSC_0078,ES10_43,ES10_DMCC3830_isoRep3_techRep1_100fold_AG4632,DMCC3830,X.cf.venustula_DMCC3830_LA,isoRep3,techRep1,shaking,100fold,AG4632,WBExpStd_ExpFixedMinusOne,sample1,23.951
44,ES10,Digital,DSC_0588_ES10_44.sample1.BExpStd_ExpFixedMinusOne.clean.jpg.chl.csv,DSC_0588,ES10_44,ES10_DMCC3830_isoRep3_techRep2_100fold_AG4632,DMCC3830,X.cf.venustula_DMCC3830_LA,isoRep3,techRep2,shaking,100fold,AG4632,WBExpStd_ExpFixedMinusOne,sample1,26.431
45,ES10,Digital,DSC_0014_ES10_45.sample1.BExpStd_ExpFixedMinusOne.clean.jpg.chl.csv,DSC_0014,ES10_45,ES10_DMCC3830_isoRep3_techRep3_100fold_AG4632,DMCC3830,X.cf.venustula_DMCC3830_LA,isoRep3,techRep3,shaking,100fold,AG4632,WBExpStd_ExpFixedMinusOne,sample1,156.849
46,ES10,Digital,DSC_0547_ES10_46.sample1.BExpStd_ExpFixedMinusOne.clean.jpg.chl.csv,DSC_0547,ES10_46,ES10_DMCC3830_isoRep4_techRep1_100fold_AG4632,DMCC3830,X.cf.venustula_DMCC3830_LA,isoRep4,techRep1,shaking,100fold,AG4632,WBExpStd_ExpFixedMinusOne,sample1,223.795
47,ES10,Digital,DSC_0032_ES10_47.sample1.BExpStd_ExpFixedMinusOne.clean.jpg.chl.csv,DSC_0032,ES10_47,ES10_DMCC3830_isoRep4_techRep2_100fold_AG4632,DMCC3830,X.cf.venustula_DMCC3830_LA,isoRep4,techRep2,shaking,100fold,AG4632,WBExpStd_ExpFixedMinusOne,sample1,49.356
48,ES10,Digital,DSC_0616_ES10_48.sample1.BExpStd_ExpFixedMinusOne.clean.jpg.chl.csv,DSC_0616,ES10_48,ES10_DMCC3830_isoRep4_techRep3_100fold_AG4632,DMCC3830,X.cf.venustula_DMCC3830_LA,isoRep4,techRep3,shaking,100fold,AG4632,WBExpStd_ExpFixedMinusOne,sample1,44.82
49,ES10,Digital,DSC_0090_ES10_49.sample1.BExpStd_ExpFixedMinusOne.clean.jpg.chl.csv,DSC_0090,ES10_49,ES10_Control_isoRep1_techRep1_25fold_AG4632,Control,Control,isoRep1,techRep1,shaking,25fold,AG4632,WBExpStd_ExpFixedMinusOne,sample1,346.121
50,ES10,Digital,DSC_0036_ES10_50.sample1.BExpStd_ExpFixedMinusOne.clean.jpg.chl.csv,DSC_0036,ES10_50,ES10_Control_isoRep1_techRep2_25fold_AG4632,Control,Control,isoRep1,techRep2,shaking,25fold,AG4632,WBExpStd_ExpFixedMinusOne,sample1,344.508
51,ES10,Digital,DSC_0526_ES10_51.sample1.BExpStd_ExpFixedMinusOne.clean.jpg.chl.csv,DSC_0526,ES10_51,ES10_Control_isoRep1_techRep3_25fold_AG4632,Control,Control,isoRep1,techRep3,shaking,25fold,AG4632,WBExpStd_ExpFixedMinusOne,sample1,287.149
52,ES10,Digital,DSC_0586_ES10_52.sample1.BExpStd_ExpFixedMinusOne.clean.jpg.chl.csv,DSC_0586,ES10_52,ES10_Control_isoRep2_techRep1_25fold_AG4632,Control,Control,isoRep2,techRep1,shaking,25fold,AG4632,WBExpStd_ExpFixedMinusOne,sample1,287.248
53,ES10,Digital,DSC_0604_ES10_53.sample1.BExpStd_ExpFixedMinusOne.clean.jpg.chl.csv,DSC_0604,ES10_53,ES10_Control_isoRep2_techRep2_25fold_AG4632,Control,Control,isoRep2,techRep2,shaking,25fold,AG4632,WBExpStd_ExpFixedMinusOne,sample1,374.996
54,ES10,Digital,DSC_0598_ES10_54.sample1.BExpStd_ExpFixedMinusOne.clean.jpg.chl.csv,DSC_0598,ES10_54,ES10_Control_isoRep2_techRep3_25fold_AG4632,Control,Control,isoRep2,techRep3,shaking,25fold,AG4632,WBExpStd_ExpFixedMinusOne,sample1,425.522
55,ES10,Digital,NA,NA,NA,ES10_Control_isoRep3_techRep1_25fold_AG4632,Control,Control,isoRep3,techRep1,shaking,25fold,AG4632,NA,NA,NA
56,ES10,Digital,NA,NA,NA,ES10_Control_isoRep3_techRep2_25fold_AG4632,Control,Control,isoRep3,techRep2,shaking,25fold,AG4632,NA,NA,NA
57,ES10,Digital,DSC_0552_ES10_57.sample1.BExpStd_ExpFixedMinusOne.clean.jpg.chl.csv,DSC_0552,ES10_57,ES10_Control_isoRep3_techRep3_25fold_AG4632,Control,Control,isoRep3,techRep3,shaking,25fold,AG4632,WBExpStd_ExpFixedMinusOne,sample1,411.083
58,ES10,Digital,DSC_0034_ES10_58.sample1.BExpStd_ExpFixedMinusOne.clean.jpg.chl.csv,DSC_0034,ES10_58,ES10_Control_isoRep4_techRep1_25fold_AG4632,Control,Control,isoRep4,techRep1,shaking,25fold,AG4632,WBExpStd_ExpFixedMinusOne,sample1,257.404
59,ES10,Digital,DSC_0558_ES10_59.sample1.BExpStd_ExpFixedMinusOne.clean.jpg.chl.csv,DSC_0558,ES10_59,ES10_Control_isoRep4_techRep2_25fold_AG4632,Control,Control,isoRep4,techRep2,shaking,25fold,AG4632,WBExpStd_ExpFixedMinusOne,sample1,346.312
60,ES10,Digital,DSC_0095_ES10_60.sample1.BExpStd_ExpFixedMinusOne.clean.jpg.chl.csv,DSC_0095,ES10_60,ES10_Control_isoRep4_techRep3_25fold_AG4632,Control,Control,isoRep4,techRep3,shaking,25fold,AG4632,WBExpStd_ExpFixedMinusOne,sample1,359.028
61,ES10,Digital,DSC_0608_ES10_61.sample1.BExpStd_ExpFixedMinusOne.clean.jpg.chl.csv,DSC_0608,ES10_61,ES10_DMCC2165_isoRep1_techRep1_25fold_AG4632,DMCC2165,X.necrophora_DMCC2165_LA,isoRep1,techRep1,shaking,25fold,AG4632,WBExpStd_ExpFixedMinusOne,sample1,26.83
62,ES10,Digital,DSC_0524_ES10_62.sample1.BExpStd_ExpFixedMinusOne.clean.jpg.chl.csv,DSC_0524,ES10_62,ES10_DMCC2165_isoRep1_techRep2_25fold_AG4632,DMCC2165,X.necrophora_DMCC2165_LA,isoRep1,techRep2,shaking,25fold,AG4632,WBExpStd_ExpFixedMinusOne,sample1,33.362
63,ES10,Digital,DSC_0600_ES10_63.sample1.BExpStd_ExpFixedMinusOne.clean.jpg.chl.csv,DSC_0600,ES10_63,ES10_DMCC2165_isoRep1_techRep3_25fold_AG4632,DMCC2165,X.necrophora_DMCC2165_LA,isoRep1,techRep3,shaking,25fold,AG4632,WBExpStd_ExpFixedMinusOne,sample1,228.436
64,ES10,Digital,DSC_0570_ES10_64.sample1.BExpStd_ExpFixedMinusOne.clean.jpg.chl.csv,DSC_0570,ES10_64,ES10_DMCC2165_isoRep2_techRep1_25fold_AG4632,DMCC2165,X.necrophora_DMCC2165_LA,isoRep2,techRep1,shaking,25fold,AG4632,WBExpStd_ExpFixedMinusOne,sample1,272.412
65,ES10,Digital,DSC_0026_ES10_65.sample1.BExpStd_ExpFixedMinusOne.clean.jpg.chl.csv,DSC_0026,ES10_65,ES10_DMCC2165_isoRep2_techRep2_25fold_AG4632,DMCC2165,X.necrophora_DMCC2165_LA,isoRep2,techRep2,shaking,25fold,AG4632,WBExpStd_ExpFixedMinusOne,sample1,33.782
66,ES10,Digital,DSC_0012_ES10_66.sample1.BExpStd_ExpFixedMinusOne.clean.jpg.chl.csv,DSC_0012,ES10_66,ES10_DMCC2165_isoRep2_techRep3_25fold_AG4632,DMCC2165,X.necrophora_DMCC2165_LA,isoRep2,techRep3,shaking,25fold,AG4632,WBExpStd_ExpFixedMinusOne,sample1,36.867
67,ES10,Digital,DSC_0082_ES10_67.sample1.BExpStd_ExpFixedMinusOne.clean.jpg.chl.csv,DSC_0082,ES10_67,ES10_DMCC2165_isoRep3_techRep1_25fold_AG4632,DMCC2165,X.necrophora_DMCC2165_LA,isoRep3,techRep1,shaking,25fold,AG4632,WBExpStd_ExpFixedMinusOne,sample1,257.699
68,ES10,Digital,DSC_0530_ES10_68.sample1.BExpStd_ExpFixedMinusOne.clean.jpg.chl.csv,DSC_0530,ES10_68,ES10_DMCC2165_isoRep3_techRep2_25fold_AG4632,DMCC2165,X.necrophora_DMCC2165_LA,isoRep3,techRep2,shaking,25fold,AG4632,WBExpStd_ExpFixedMinusOne,sample1,150.331
69,ES10,Digital,DSC_0059_ES10_69.sample1.BExpStd_ExpFixedMinusOne.clean.jpg.chl.csv,DSC_0059,ES10_69,ES10_DMCC2165_isoRep3_techRep3_25fold_AG4632,DMCC2165,X.necrophora_DMCC2165_LA,isoRep3,techRep3,shaking,25fold,AG4632,WBExpStd_ExpFixedMinusOne,sample1,133.44
70,ES10,Digital,DSC_0010_ES10_70.sample1.BExpStd_ExpFixedMinusOne.clean.jpg.chl.csv,DSC_0010,ES10_70,ES10_DMCC2165_isoRep4_techRep1_25fold_AG4632,DMCC2165,X.necrophora_DMCC2165_LA,isoRep4,techRep1,shaking,25fold,AG4632,WBExpStd_ExpFixedMinusOne,sample1,345.829
71,ES10,Digital,DSC_0024_ES10_71.sample1.BExpStd_ExpFixedMinusOne.clean.jpg.chl.csv,DSC_0024,ES10_71,ES10_DMCC2165_isoRep4_techRep2_25fold_AG4632,DMCC2165,X.necrophora_DMCC2165_LA,isoRep4,techRep2,shaking,25fold,AG4632,WBExpStd_ExpFixedMinusOne,sample1,204.016
72,ES10,Digital,DSC_0543_ES10_72.sample1.BExpStd_ExpFixedMinusOne.clean.jpg.chl.csv,DSC_0543,ES10_72,ES10_DMCC2165_isoRep4_techRep3_25fold_AG4632,DMCC2165,X.necrophora_DMCC2165_LA,isoRep4,techRep3,shaking,25fold,AG4632,WBExpStd_ExpFixedMinusOne,sample1,226.388
73,ES10,Digital,DSC_0545_ES10_73.sample1.BExpStd_ExpFixedMinusOne.clean.jpg.chl.csv,DSC_0545,ES10_73,ES10_DMCC3828_isoRep1_techRep1_25fold_AG4632,DMCC3828,X.necrophora_DMCC3828_Martinique,isoRep1,techRep1,shaking,25fold,AG4632,WBExpStd_ExpFixedMinusOne,sample1,210.224
74,ES10,Digital,DSC_0574_ES10_74.sample1.BExpStd_ExpFixedMinusOne.clean.jpg.chl.csv,DSC_0574,ES10_74,ES10_DMCC3828_isoRep1_techRep2_25fold_AG4632,DMCC3828,X.necrophora_DMCC3828_Martinique,isoRep1,techRep2,shaking,25fold,AG4632,WBExpStd_ExpFixedMinusOne,sample1,145.487
75,ES10,Digital,DSC_0572_ES10_75.sample1.BExpStd_ExpFixedMinusOne.clean.jpg.chl.csv,DSC_0572,ES10_75,ES10_DMCC3828_isoRep1_techRep3_25fold_AG4632,DMCC3828,X.necrophora_DMCC3828_Martinique,isoRep1,techRep3,shaking,25fold,AG4632,WBExpStd_ExpFixedMinusOne,sample1,314.141
76,ES10,Digital,DSC_0004_ES10_76.sample1.WBExpStd_ExpFixedMinusOne.clean.jpg.chl.csv,DSC_0004,ES10_76,ES10_DMCC3828_isoRep2_techRep1_25fold_AG4632,DMCC3828,X.necrophora_DMCC3828_Martinique,isoRep2,techRep1,shaking,25fold,AG4632,WBExpStd_ExpFixedMinusOne,sample1,360.44
77,ES10,Digital,DSC_0590_ES10_77.sample1.BExpStd_ExpFixedMinusOne.clean.jpg.chl.csv,DSC_0590,ES10_77,ES10_DMCC3828_isoRep2_techRep2_25fold_AG4632,DMCC3828,X.necrophora_DMCC3828_Martinique,isoRep2,techRep2,shaking,25fold,AG4632,WBExpStd_ExpFixedMinusOne,sample1,52.156
78,ES10,Digital,DSC_0040_ES10_78.sample1.BExpStd_ExpFixedMinusOne.clean.jpg.chl.csv,DSC_0040,ES10_78,ES10_DMCC3828_isoRep2_techRep3_25fold_AG4632,DMCC3828,X.necrophora_DMCC3828_Martinique,isoRep2,techRep3,shaking,25fold,AG4632,WBExpStd_ExpFixedMinusOne,sample1,314.702
79,ES10,Digital,DSC_0086_ES10_79.sample1.BExpStd_ExpFixedMinusOne.clean.jpg.chl.csv,DSC_0086,ES10_79,ES10_DMCC3828_isoRep3_techRep1_25fold_AG4632,DMCC3828,X.necrophora_DMCC3828_Martinique,isoRep3,techRep1,shaking,25fold,AG4632,WBExpStd_ExpFixedMinusOne,sample1,145.503
80,ES10,Digital,DSC_0582_ES10_80.sample1.BExpStd_ExpFixedMinusOne.clean.jpg.chl.csv,DSC_0582,ES10_80,ES10_DMCC3828_isoRep3_techRep2_25fold_AG4632,DMCC3828,X.necrophora_DMCC3828_Martinique,isoRep3,techRep2,shaking,25fold,AG4632,WBExpStd_ExpFixedMinusOne,sample1,302.522
81,ES10,Digital,DSC_0068_ES10_81.sample1.BExpStd_ExpFixedMinusOne.clean.jpg.chl.csv,DSC_0068,ES10_81,ES10_DMCC3828_isoRep3_techRep3_25fold_AG4632,DMCC3828,X.necrophora_DMCC3828_Martinique,isoRep3,techRep3,shaking,25fold,AG4632,WBExpStd_ExpFixedMinusOne,sample1,310.245
82,ES10,Digital,DSC_0592_ES10_82.sample1.BExpStd_ExpFixedMinusOne.clean.jpg.chl.csv,DSC_0592,ES10_82,ES10_DMCC3828_isoRep4_techRep1_25fold_AG4632,DMCC3828,X.necrophora_DMCC3828_Martinique,isoRep4,techRep1,shaking,25fold,AG4632,WBExpStd_ExpFixedMinusOne,sample1,206.09
83,ES10,Digital,DSC_0051_ES10_83.sample1.BExpStd_ExpFixedMinusOne.clean.jpg.chl.csv,DSC_0051,ES10_83,ES10_DMCC3828_isoRep4_techRep2_25fold_AG4632,DMCC3828,X.necrophora_DMCC3828_Martinique,isoRep4,techRep2,shaking,25fold,AG4632,WBExpStd_ExpFixedMinusOne,sample1,313.024
84,ES10,Digital,DSC_0564_ES10_84.sample1.BExpStd_ExpFixedMinusOne.clean.jpg.chl.csv,DSC_0564,ES10_84,ES10_DMCC3828_isoRep4_techRep3_25fold_AG4632,DMCC3828,X.necrophora_DMCC3828_Martinique,isoRep4,techRep3,shaking,25fold,AG4632,WBExpStd_ExpFixedMinusOne,sample1,323.086
85,ES10,Digital,DSC_0606_ES10_85.sample1.BExpStd_ExpFixedMinusOne.clean.jpg.chl.csv,DSC_0606,ES10_85,ES10_DMCC3830_isoRep1_techRep1_25fold_AG4632,DMCC3830,X.cf.venustula_DMCC3830_LA,isoRep1,techRep1,shaking,25fold,AG4632,WBExpStd_ExpFixedMinusOne,sample1,172.01
86,ES10,Digital,DSC_0554_ES10_86.sample1.BExpStd_ExpFixedMinusOne.clean.jpg.chl.csv,DSC_0554,ES10_86,ES10_DMCC3830_isoRep1_techRep2_25fold_AG4632,DMCC3830,X.cf.venustula_DMCC3830_LA,isoRep1,techRep2,shaking,25fold,AG4632,WBExpStd_ExpFixedMinusOne,sample1,50.622
87,ES10,Digital,DSC_0008_ES10_87.sample1.BExpStd_ExpFixedMinusOne.clean.jpg.chl.csv,DSC_0008,ES10_87,ES10_DMCC3830_isoRep1_techRep3_25fold_AG4632,DMCC3830,X.cf.venustula_DMCC3830_LA,isoRep1,techRep3,shaking,25fold,AG4632,WBExpStd_ExpFixedMinusOne,sample1,222.84
88,ES10,Digital,DSC_0568_ES10_88.sample1.BExpStd_ExpFixedMinusOne.clean.jpg.chl.csv,DSC_0568,ES10_88,ES10_DMCC3830_isoRep2_techRep1_25fold_AG4632,DMCC3830,X.cf.venustula_DMCC3830_LA,isoRep2,techRep1,shaking,25fold,AG4632,WBExpStd_ExpFixedMinusOne,sample1,109.54
89,ES10,Digital,DSC_0084_ES10_89.sample1.BExpStd_ExpFixedMinusOne.clean.jpg.chl.csv,DSC_0084,ES10_89,ES10_DMCC3830_isoRep2_techRep2_25fold_AG4632,DMCC3830,X.cf.venustula_DMCC3830_LA,isoRep2,techRep2,shaking,25fold,AG4632,WBExpStd_ExpFixedMinusOne,sample1,47.85
90,ES10,Digital,DSC_0047_ES10_90.sample1.BExpStd_ExpFixedMinusOne.clean.jpg.chl.csv,DSC_0047,ES10_90,ES10_DMCC3830_isoRep2_techRep3_25fold_AG4632,DMCC3830,X.cf.venustula_DMCC3830_LA,isoRep2,techRep3,shaking,25fold,AG4632,WBExpStd_ExpFixedMinusOne,sample1,57.783
91,ES10,Digital,DSC_0535_ES10_91.sample1.BExpStd_ExpFixedMinusOne.clean.jpg.chl.csv,DSC_0535,ES10_91,ES10_DMCC3830_isoRep3_techRep1_25fold_AG4632,DMCC3830,X.cf.venustula_DMCC3830_LA,isoRep3,techRep1,shaking,25fold,AG4632,WBExpStd_ExpFixedMinusOne,sample1,98.555
92,ES10,Digital,DSC_0578_ES10_92.sample1.BExpStd_ExpFixedMinusOne.clean.jpg.chl.csv,DSC_0578,ES10_92,ES10_DMCC3830_isoRep3_techRep2_25fold_AG4632,DMCC3830,X.cf.venustula_DMCC3830_LA,isoRep3,techRep2,shaking,25fold,AG4632,WBExpStd_ExpFixedMinusOne,sample1,177.479
93,ES10,Digital,DSC_0528_ES10_93.sample1.BExpStd_ExpFixedMinusOne.clean.jpg.chl.csv,DSC_0528,ES10_93,ES10_DMCC3830_isoRep3_techRep3_25fold_AG4632,DMCC3830,X.cf.venustula_DMCC3830_LA,isoRep3,techRep3,shaking,25fold,AG4632,WBExpStd_ExpFixedMinusOne,sample1,41.963
94,ES10,Digital,DSC_0057_ES10_94.sample1.BExpStd_ExpFixedMinusOne.clean.jpg.chl.csv,DSC_0057,ES10_94,ES10_DMCC3830_isoRep4_techRep1_25fold_AG4632,DMCC3830,X.cf.venustula_DMCC3830_LA,isoRep4,techRep1,shaking,25fold,AG4632,WBExpStd_ExpFixedMinusOne,sample1,26.486
95,ES10,Digital,DSC_0072_ES10_95.sample1.BExpStd_ExpFixedMinusOne.clean.jpg.chl.csv,DSC_0072,ES10_95,ES10_DMCC3830_isoRep4_techRep2_25fold_AG4632,DMCC3830,X.cf.venustula_DMCC3830_LA,isoRep4,techRep2,shaking,25fold,AG4632,WBExpStd_ExpFixedMinusOne,sample1,36.392
96,ES10,Digital,DSC_0074_ES10_96.sample1.BExpStd_ExpFixedMinusOne.clean.jpg.chl.csv,DSC_0074,ES10_96,ES10_DMCC3830_isoRep4_techRep3_25fold_AG4632,DMCC3830,X.cf.venustula_DMCC3830_LA,isoRep4,techRep3,shaking,25fold,AG4632,WBExpStd_ExpFixedMinusOne,sample1,76.885
97,ES10,Digital,DSC_0038_ES10_01.sample2.BExpStd_ExpFixedMinusOne.clean.jpg.chl.csv,DSC_0038,ES10_01,ES10_Control_isoRep1_techRep1_100fold_AG4632,Control,Control,isoRep1,techRep1,shaking,100fold,AG4632,WBExpStd_ExpFixedMinusOne,sample2,404.524
98,ES10,Digital,DSC_0620_ES10_02.sample2.BExpStd_ExpFixedMinusOne.clean.jpg.chl.csv,DSC_0620,ES10_02,ES10_Control_isoRep1_techRep2_100fold_AG4632,Control,Control,isoRep1,techRep2,shaking,100fold,AG4632,WBExpStd_ExpFixedMinusOne,sample2,40.86
99,ES10,Digital,DSC_0614_ES10_03.sample2.BExpStd_ExpFixedMinusOne.clean.jpg.chl.csv,DSC_0614,ES10_03,ES10_Control_isoRep1_techRep3_100fold_AG4632,Control,Control,isoRep1,techRep3,shaking,100fold,AG4632,WBExpStd_ExpFixedMinusOne,sample2,205.628
100,ES10,Digital,DSC_0580_ES10_4.sample2.BExpStd_ExpFixedMinusOne.clean.jpg.chl.csv,DSC_0580,ES10_04,ES10_Control_isoRep2_techRep1_100fold_AG4632,Control,Control,isoRep2,techRep1,shaking,100fold,AG4632,WBExpStd_ExpFixedMinusOne,sample2,407.929
101,ES10,Digital,DSC_0092_ES10_05.sample2.BExpStd_ExpFixedMinusOne.clean.jpg.chl.csv,DSC_0092,ES10_05,ES10_Control_isoRep2_techRep2_100fold_AG4632,Control,Control,isoRep2,techRep2,shaking,100fold,AG4632,WBExpStd_ExpFixedMinusOne,sample2,438.409
102,ES10,Digital,DSC_0030_ES10_6.sample2.BExpStd_ExpFixedMinusOne.clean.jpg.chl.csv,DSC_0030,ES10_06,ES10_Control_isoRep2_techRep3_100fold_AG4632,Control,Control,isoRep2,techRep3,shaking,100fold,AG4632,WBExpStd_ExpFixedMinusOne,sample2,335.787
103,ES10,Digital,DSC_0594_ES10_07.sample2.BExpStd_ExpFixedMinusOne.clean.jpg.chl.csv,DSC_0594,ES10_07,ES10_Control_isoRep3_techRep1_100fold_AG4632,Control,Control,isoRep3,techRep1,shaking,100fold,AG4632,WBExpStd_ExpFixedMinusOne,sample2,383.957
104,ES10,Digital,DSC_0055_ES10_8.sample2.BExpStd_ExpFixedMinusOne.clean.jpg.chl.csv,DSC_0055,ES10_08,ES10_Control_isoRep3_techRep2_100fold_AG4632,Control,Control,isoRep3,techRep2,shaking,100fold,AG4632,WBExpStd_ExpFixedMinusOne,sample2,401.562
105,ES10,Digital,DSC_0006_ES10_09.sample2.WBExpStd_ExpFixedMinusOne.clean.jpg.chl.csv,DSC_0006,ES10_09,ES10_Control_isoRep3_techRep3_100fold_AG4632,Control,Control,isoRep3,techRep3,shaking,100fold,AG4632,WBExpStd_ExpFixedMinusOne,sample2,291.234
106,ES10,Digital,DSC_0550_ES10_10.sample2.BExpStd_ExpFixedMinusOne.clean.jpg.chl.csv,DSC_0550,ES10_10,ES10_Control_isoRep4_techRep1_100fold_AG4632,Control,Control,isoRep4,techRep1,shaking,100fold,AG4632,WBExpStd_ExpFixedMinusOne,sample2,244.691
107,ES10,Digital,DSC_0541_ES10_11.sample2.BExpStd_ExpFixedMinusOne.clean.jpg.chl.csv,DSC_0541,ES10_11,ES10_Control_isoRep4_techRep2_100fold_AG4632,Control,Control,isoRep4,techRep2,shaking,100fold,AG4632,WBExpStd_ExpFixedMinusOne,sample2,322.466
108,ES10,Digital,DSC_0539_ES10_12.sample2.BExpStd_ExpFixedMinusOne.clean.jpg.chl.csv,DSC_0539,ES10_12,ES10_Control_isoRep4_techRep3_100fold_AG4632,Control,Control,isoRep4,techRep3,shaking,100fold,AG4632,WBExpStd_ExpFixedMinusOne,sample2,376.923
109,ES10,Digital,DSC_0596_ES10_13.sample2.BExpStd_ExpFixedMinusOne.clean.jpg.chl.csv,DSC_0596,ES10_13,ES10_DMCC2165_isoRep1_techRep1_100fold_AG4632,DMCC2165,X.necrophora_DMCC2165_LA,isoRep1,techRep1,shaking,100fold,AG4632,WBExpStd_ExpFixedMinusOne,sample2,351.87
110,ES10,Digital,DSC_0618_ES10_14.sample2.BExpStd_ExpFixedMinusOne.clean.jpg.chl.csv,DSC_0618,ES10_14,ES10_DMCC2165_isoRep1_techRep2_100fold_AG4632,DMCC2165,X.necrophora_DMCC2165_LA,isoRep1,techRep2,shaking,100fold,AG4632,WBExpStd_ExpFixedMinusOne,sample2,69.476
111,ES10,Digital,DSC_0560_ES10_15.sample2.BExpStd_ExpFixedMinusOne.clean.jpg.chl.csv,DSC_0560,ES10_15,ES10_DMCC2165_isoRep1_techRep3_100fold_AG4632,DMCC2165,X.necrophora_DMCC2165_LA,isoRep1,techRep3,shaking,100fold,AG4632,WBExpStd_ExpFixedMinusOne,sample2,343.534
112,ES10,Digital,DSC_0066_ES10_16.sample2.BExpStd_ExpFixedMinusOne.clean.jpg.chl.csv,DSC_0066,ES10_16,ES10_DMCC2165_isoRep2_techRep1_100fold_AG4632,DMCC2165,X.necrophora_DMCC2165_LA,isoRep2,techRep1,shaking,100fold,AG4632,WBExpStd_ExpFixedMinusOne,sample2,366.411
113,ES10,Digital,DSC_0562_ES10_17.sample2.BExpStd_ExpFixedMinusOne.clean.jpg.chl.csv,DSC_0562,ES10_17,ES10_DMCC2165_isoRep2_techRep2_100fold_AG4632,DMCC2165,X.necrophora_DMCC2165_LA,isoRep2,techRep2,shaking,100fold,AG4632,WBExpStd_ExpFixedMinusOne,sample2,190.433
114,ES10,Digital,DSC_0610_ES10_18.sample2.BExpStd_ExpFixedMinusOne.clean.jpg.chl.csv,DSC_0610,ES10_18,ES10_DMCC2165_isoRep2_techRep3_100fold_AG4632,DMCC2165,X.necrophora_DMCC2165_LA,isoRep2,techRep3,shaking,100fold,AG4632,WBExpStd_ExpFixedMinusOne,sample2,66.562
115,ES10,Digital,DSC_0576_ES10_19.sample2.BExpStd_ExpFixedMinusOne.clean.jpg.chl.csv,DSC_0576,ES10_19,ES10_DMCC2165_isoRep3_techRep1_100fold_AG4632,DMCC2165,X.necrophora_DMCC2165_LA,isoRep3,techRep1,shaking,100fold,AG4632,WBExpStd_ExpFixedMinusOne,sample2,67.605
116,ES10,Digital,DSC_0049_ES10_20.sample2.BExpStd_ExpFixedMinusOne.clean.jpg.chl.csv,DSC_0049,ES10_20,ES10_DMCC2165_isoRep3_techRep2_100fold_AG4632,DMCC2165,X.necrophora_DMCC2165_LA,isoRep3,techRep2,shaking,100fold,AG4632,WBExpStd_ExpFixedMinusOne,sample2,382.002
117,ES10,Digital,DSC_0016_ES10_21.sample2.BExpStd_ExpFixedMinusOne.clean.jpg.chl.csv,DSC_0016,ES10_21,ES10_DMCC2165_isoRep3_techRep3_100fold_AG4632,DMCC2165,X.necrophora_DMCC2165_LA,isoRep3,techRep3,shaking,100fold,AG4632,WBExpStd_ExpFixedMinusOne,sample2,97.454
118,ES10,Digital,DSC_0602_ES10_22.sample2.BExpStd_ExpFixedMinusOne.clean.jpg.chl.csv,DSC_0602,ES10_22,ES10_DMCC2165_isoRep4_techRep1_100fold_AG4632,DMCC2165,X.necrophora_DMCC2165_LA,isoRep4,techRep1,shaking,100fold,AG4632,WBExpStd_ExpFixedMinusOne,sample2,320.962
119,ES10,Digital,DSC_0042_ES10_23.sample2.BExpStd_ExpFixedMinusOne.clean.jpg.chl.csv,DSC_0042,ES10_23,ES10_DMCC2165_isoRep4_techRep2_100fold_AG4632,DMCC2165,X.necrophora_DMCC2165_LA,isoRep4,techRep2,shaking,100fold,AG4632,WBExpStd_ExpFixedMinusOne,sample2,150.193
120,ES10,Digital,DSC_0053_ES10_24.sample2.BExpStd_ExpFixedMinusOne.clean.jpg.chl.csv,DSC_0053,ES10_24,ES10_DMCC2165_isoRep4_techRep3_100fold_AG4632,DMCC2165,X.necrophora_DMCC2165_LA,isoRep4,techRep3,shaking,100fold,AG4632,WBExpStd_ExpFixedMinusOne,sample2,353.724
121,ES10,Digital,DSC_0022_ES10_25.sample2.BExpStd_ExpFixedMinusOne.clean.jpg.chl.csv,DSC_0022,ES10_25,ES10_DMCC3828_isoRep1_techRep1_100fold_AG4632,DMCC3828,X.necrophora_DMCC3828_Martinique,isoRep1,techRep1,shaking,100fold,AG4632,WBExpStd_ExpFixedMinusOne,sample2,349.087
122,ES10,Digital,DSC_0088_ES10_26.sample2.BExpStd_ExpFixedMinusOne.clean.jpg.chl.csv,DSC_0088,ES10_26,ES10_DMCC3828_isoRep1_techRep2_100fold_AG4632,DMCC3828,X.necrophora_DMCC3828_Martinique,isoRep1,techRep2,shaking,100fold,AG4632,WBExpStd_ExpFixedMinusOne,sample2,429.98
123,ES10,Digital,DSC_0584_ES10_27.sample2.BExpStd_ExpFixedMinusOne.clean.jpg.chl.csv,DSC_0584,ES10_27,ES10_DMCC3828_isoRep1_techRep3_100fold_AG4632,DMCC3828,X.necrophora_DMCC3828_Martinique,isoRep1,techRep3,shaking,100fold,AG4632,WBExpStd_ExpFixedMinusOne,sample2,331.158
124,ES10,Digital,DSC_0018_ES10_28.sample2.BExpStd_ExpFixedMinusOne.clean.jpg.chl.csv,DSC_0018,ES10_28,ES10_DMCC3828_isoRep2_techRep1_100fold_AG4632,DMCC3828,X.necrophora_DMCC3828_Martinique,isoRep2,techRep1,shaking,100fold,AG4632,WBExpStd_ExpFixedMinusOne,sample2,421.769
125,ES10,Digital,DSC_0044_ES10_29.sample2.BExpStd_ExpFixedMinusOne.clean.jpg.chl.csv,DSC_0044,ES10_29,ES10_DMCC3828_isoRep2_techRep2_100fold_AG4632,DMCC3828,X.necrophora_DMCC3828_Martinique,isoRep2,techRep2,shaking,100fold,AG4632,WBExpStd_ExpFixedMinusOne,sample2,320.472
126,ES10,Digital,DSC_0566_ES10_30.sample2.BExpStd_ExpFixedMinusOne.clean.jpg.chl.csv,DSC_0566,ES10_30,ES10_DMCC3828_isoRep2_techRep3_100fold_AG4632,DMCC3828,X.necrophora_DMCC3828_Martinique,isoRep2,techRep3,shaking,100fold,AG4632,WBExpStd_ExpFixedMinusOne,sample2,330.642
127,ES10,Digital,DSC_0533_ES10_31.sample2.BExpStd_ExpFixedMinusOne.clean.jpg.chl.csv,DSC_0533,ES10_31,ES10_DMCC3828_isoRep3_techRep1_100fold_AG4632,DMCC3828,X.necrophora_DMCC3828_Martinique,isoRep3,techRep1,shaking,100fold,AG4632,WBExpStd_ExpFixedMinusOne,sample2,268.785
128,ES10,Digital,DSC_0002.ES10_32.sample2.WBExpStd_ExpFixedMinusOne.clean.jpg.chl.csv,DSC_0002,ES10_32,ES10_DMCC3828_isoRep3_techRep2_100fold_AG4632,DMCC3828,X.necrophora_DMCC3828_Martinique,isoRep3,techRep2,shaking,100fold,AG4632,WBExpStd_ExpFixedMinusOne,sample2,211.931
129,ES10,Digital,DSC_0020_ES10_33.sample2.BExpStd_ExpFixedMinusOne.clean.jpg.chl.csv,DSC_0020,ES10_33,ES10_DMCC3828_isoRep3_techRep3_100fold_AG4632,DMCC3828,X.necrophora_DMCC3828_Martinique,isoRep3,techRep3,shaking,100fold,AG4632,WBExpStd_ExpFixedMinusOne,sample2,330.16
130,ES10,Digital,DSC_0076_ES10_34.sample2.BExpStd_ExpFixedMinusOne.clean.jpg.chl.csv,DSC_0076,ES10_34,ES10_DMCC3828_isoRep4_techRep1_100fold_AG4632,DMCC3828,X.necrophora_DMCC3828_Martinique,isoRep4,techRep1,shaking,100fold,AG4632,WBExpStd_ExpFixedMinusOne,sample2,367.091
131,ES10,Digital,DSC_0061_ES10_35.sample2.BExpStd_ExpFixedMinusOne.clean.jpg.chl.csv,DSC_0061,ES10_35,ES10_DMCC3828_isoRep4_techRep2_100fold_AG4632,DMCC3828,X.necrophora_DMCC3828_Martinique,isoRep4,techRep2,shaking,100fold,AG4632,WBExpStd_ExpFixedMinusOne,sample2,506.698
132,ES10,Digital,DSC_0612_ES10_36.sample2.BExpStd_ExpFixedMinusOne.clean.jpg.chl.csv,DSC_0612,ES10_36,ES10_DMCC3828_isoRep4_techRep3_100fold_AG4632,DMCC3828,X.necrophora_DMCC3828_Martinique,isoRep4,techRep3,shaking,100fold,AG4632,WBExpStd_ExpFixedMinusOne,sample2,314.797
133,ES10,Digital,DSC_0556_ES10_37.sample2.BExpStd_ExpFixedMinusOne.clean.jpg.chl.csv,DSC_0556,ES10_37,ES10_DMCC3830_isoRep1_techRep1_100fold_AG4632,DMCC3830,X.cf.venustula_DMCC3830_LA,isoRep1,techRep1,shaking,100fold,AG4632,WBExpStd_ExpFixedMinusOne,sample2,52.12
134,ES10,Digital,DSC_0063_ES10_38.sample2.BExpStd_ExpFixedMinusOne.clean.jpg.chl.csv,DSC_0063,ES10_38,ES10_DMCC3830_isoRep1_techRep2_100fold_AG4632,DMCC3830,X.cf.venustula_DMCC3830_LA,isoRep1,techRep2,shaking,100fold,AG4632,WBExpStd_ExpFixedMinusOne,sample2,50.778
135,ES10,Digital,DSC_0537_ES10_39.sample2.BExpStd_ExpFixedMinusOne.clean.jpg.chl.csv,DSC_0537,ES10_39,ES10_DMCC3830_isoRep1_techRep3_100fold_AG4632,DMCC3830,X.cf.venustula_DMCC3830_LA,isoRep1,techRep3,shaking,100fold,AG4632,WBExpStd_ExpFixedMinusOne,sample2,55.562
136,ES10,Digital,DSC_0028_ES10_40.sample2.BExpStd_ExpFixedMinusOne.clean.jpg.chl.csv,DSC_0028,ES10_40,ES10_DMCC3830_isoRep2_techRep1_100fold_AG4632,DMCC3830,X.cf.venustula_DMCC3830_LA,isoRep2,techRep1,shaking,100fold,AG4632,WBExpStd_ExpFixedMinusOne,sample2,74.163
137,ES10,Digital,DSC_0080_ES10_41.sample2.BExpStd_ExpFixedMinusOne.clean.jpg.chl.csv,DSC_0080,ES10_41,ES10_DMCC3830_isoRep2_techRep2_100fold_AG4632,DMCC3830,X.cf.venustula_DMCC3830_LA,isoRep2,techRep2,shaking,100fold,AG4632,WBExpStd_ExpFixedMinusOne,sample2,289.974
138,ES10,Digital,DSC_0070_ES10_42.sample2.BExpStd_ExpFixedMinusOne.clean.jpg.chl.csv,DSC_0070,ES10_42,ES10_DMCC3830_isoRep2_techRep3_100fold_AG4632,DMCC3830,X.cf.venustula_DMCC3830_LA,isoRep2,techRep3,shaking,100fold,AG4632,WBExpStd_ExpFixedMinusOne,sample2,34.044
139,ES10,Digital,DSC_0078_ES10_43.sample2.BExpStd_ExpFixedMinusOne.clean.jpg.chl.csv,DSC_0078,ES10_43,ES10_DMCC3830_isoRep3_techRep1_100fold_AG4632,DMCC3830,X.cf.venustula_DMCC3830_LA,isoRep3,techRep1,shaking,100fold,AG4632,WBExpStd_ExpFixedMinusOne,sample2,70.307
140,ES10,Digital,DSC_0588_ES10_44.sample2.BExpStd_ExpFixedMinusOne.clean.jpg.chl.csv,DSC_0588,ES10_44,ES10_DMCC3830_isoRep3_techRep2_100fold_AG4632,DMCC3830,X.cf.venustula_DMCC3830_LA,isoRep3,techRep2,shaking,100fold,AG4632,WBExpStd_ExpFixedMinusOne,sample2,28.431
141,ES10,Digital,DSC_0014_ES10_45.sample2.BExpStd_ExpFixedMinusOne.clean.jpg.chl.csv,DSC_0014,ES10_45,ES10_DMCC3830_isoRep3_techRep3_100fold_AG4632,DMCC3830,X.cf.venustula_DMCC3830_LA,isoRep3,techRep3,shaking,100fold,AG4632,WBExpStd_ExpFixedMinusOne,sample2,143.628
142,ES10,Digital,DSC_0547_ES10_46.sample2.BExpStd_ExpFixedMinusOne.clean.jpg.chl.csv,DSC_0547,ES10_46,ES10_DMCC3830_isoRep4_techRep1_100fold_AG4632,DMCC3830,X.cf.venustula_DMCC3830_LA,isoRep4,techRep1,shaking,100fold,AG4632,WBExpStd_ExpFixedMinusOne,sample2,270.12
143,ES10,Digital,DSC_0032_ES10_47.sample2.BExpStd_ExpFixedMinusOne.clean.jpg.chl.csv,DSC_0032,ES10_47,ES10_DMCC3830_isoRep4_techRep2_100fold_AG4632,DMCC3830,X.cf.venustula_DMCC3830_LA,isoRep4,techRep2,shaking,100fold,AG4632,WBExpStd_ExpFixedMinusOne,sample2,58.015
144,ES10,Digital,DSC_0616_ES10_48.sample2.BExpStd_ExpFixedMinusOne.clean.jpg.chl.csv,DSC_0616,ES10_48,ES10_DMCC3830_isoRep4_techRep3_100fold_AG4632,DMCC3830,X.cf.venustula_DMCC3830_LA,isoRep4,techRep3,shaking,100fold,AG4632,WBExpStd_ExpFixedMinusOne,sample2,70.294
145,ES10,Digital,DSC_0090_ES10_49.sample2.BExpStd_ExpFixedMinusOne.clean.jpg.chl.csv,DSC_0090,ES10_49,ES10_Control_isoRep1_techRep1_25fold_AG4632,Control,Control,isoRep1,techRep1,shaking,25fold,AG4632,WBExpStd_ExpFixedMinusOne,sample2,363.611
146,ES10,Digital,DSC_0036_ES10_50.sample2.BExpStd_ExpFixedMinusOne.clean.jpg.chl.csv,DSC_0036,ES10_50,ES10_Control_isoRep1_techRep2_25fold_AG4632,Control,Control,isoRep1,techRep2,shaking,25fold,AG4632,WBExpStd_ExpFixedMinusOne,sample2,362.452
147,ES10,Digital,DSC_0526_ES10_51.sample2.BExpStd_ExpFixedMinusOne.clean.jpg.chl.csv,DSC_0526,ES10_51,ES10_Control_isoRep1_techRep3_25fold_AG4632,Control,Control,isoRep1,techRep3,shaking,25fold,AG4632,WBExpStd_ExpFixedMinusOne,sample2,332.01
148,ES10,Digital,DSC_0586_ES10_52.sample2.BExpStd_ExpFixedMinusOne.clean.jpg.chl.csv,DSC_0586,ES10_52,ES10_Control_isoRep2_techRep1_25fold_AG4632,Control,Control,isoRep2,techRep1,shaking,25fold,AG4632,WBExpStd_ExpFixedMinusOne,sample2,329.44
149,ES10,Digital,DSC_0604_ES10_53.sample2.BExpStd_ExpFixedMinusOne.clean.jpg.chl.csv,DSC_0604,ES10_53,ES10_Control_isoRep2_techRep2_25fold_AG4632,Control,Control,isoRep2,techRep2,shaking,25fold,AG4632,WBExpStd_ExpFixedMinusOne,sample2,432.749
150,ES10,Digital,DSC_0598_ES10_54.sample2.BExpStd_ExpFixedMinusOne.clean.jpg.chl.csv,DSC_0598,ES10_54,ES10_Control_isoRep2_techRep3_25fold_AG4632,Control,Control,isoRep2,techRep3,shaking,25fold,AG4632,WBExpStd_ExpFixedMinusOne,sample2,485.626
151,ES10,Digital,NA,NA,NA,ES10_Control_isoRep3_techRep1_25fold_AG4632,Control,Control,isoRep3,techRep1,shaking,25fold,AG4632,NA,NA,NA
152,ES10,Digital,NA,NA,NA,ES10_Control_isoRep3_techRep2_25fold_AG4632,Control,Control,isoRep3,techRep2,shaking,25fold,AG4632,NA,NA,NA
153,ES10,Digital,DSC_0552_ES10_57.sample2.BExpStd_ExpFixedMinusOne.clean.jpg.chl.csv,DSC_0552,ES10_57,ES10_Control_isoRep3_techRep3_25fold_AG4632,Control,Control,isoRep3,techRep3,shaking,25fold,AG4632,WBExpStd_ExpFixedMinusOne,sample2,339.091
154,ES10,Digital,DSC_0034_ES10_58.sample2.BExpStd_ExpFixedMinusOne.clean.jpg.chl.csv,DSC_0034,ES10_58,ES10_Control_isoRep4_techRep1_25fold_AG4632,Control,Control,isoRep4,techRep1,shaking,25fold,AG4632,WBExpStd_ExpFixedMinusOne,sample2,392.71
155,ES10,Digital,DSC_0558_ES10_59.sample2.BExpStd_ExpFixedMinusOne.clean.jpg.chl.csv,DSC_0558,ES10_59,ES10_Control_isoRep4_techRep2_25fold_AG4632,Control,Control,isoRep4,techRep2,shaking,25fold,AG4632,WBExpStd_ExpFixedMinusOne,sample2,367.45
156,ES10,Digital,DSC_0095_ES10_60.sample2.BExpStd_ExpFixedMinusOne.clean.jpg.chl.csv,DSC_0095,ES10_60,ES10_Control_isoRep4_techRep3_25fold_AG4632,Control,Control,isoRep4,techRep3,shaking,25fold,AG4632,WBExpStd_ExpFixedMinusOne,sample2,423.52
157,ES10,Digital,DSC_0608_ES10_61.sample2.BExpStd_ExpFixedMinusOne.clean.jpg.chl.csv,DSC_0608,ES10_61,ES10_DMCC2165_isoRep1_techRep1_25fold_AG4632,DMCC2165,X.necrophora_DMCC2165_LA,isoRep1,techRep1,shaking,25fold,AG4632,WBExpStd_ExpFixedMinusOne,sample2,32.554
158,ES10,Digital,DSC_0524_ES10_62.sample2.BExpStd_ExpFixedMinusOne.clean.jpg.chl.csv,DSC_0524,ES10_62,ES10_DMCC2165_isoRep1_techRep2_25fold_AG4632,DMCC2165,X.necrophora_DMCC2165_LA,isoRep1,techRep2,shaking,25fold,AG4632,WBExpStd_ExpFixedMinusOne,sample2,46.368
159,ES10,Digital,DSC_0600_ES10_63.sample2.BExpStd_ExpFixedMinusOne.clean.jpg.chl.csv,DSC_0600,ES10_63,ES10_DMCC2165_isoRep1_techRep3_25fold_AG4632,DMCC2165,X.necrophora_DMCC2165_LA,isoRep1,techRep3,shaking,25fold,AG4632,WBExpStd_ExpFixedMinusOne,sample2,277.715
160,ES10,Digital,DSC_0570_ES10_64.sample2.BExpStd_ExpFixedMinusOne.clean.jpg.chl.csv,DSC_0570,ES10_64,ES10_DMCC2165_isoRep2_techRep1_25fold_AG4632,DMCC2165,X.necrophora_DMCC2165_LA,isoRep2,techRep1,shaking,25fold,AG4632,WBExpStd_ExpFixedMinusOne,sample2,253.774
161,ES10,Digital,DSC_0026_ES10_65.sample2.BExpStd_ExpFixedMinusOne.clean.jpg.chl.csv,DSC_0026,ES10_65,ES10_DMCC2165_isoRep2_techRep2_25fold_AG4632,DMCC2165,X.necrophora_DMCC2165_LA,isoRep2,techRep2,shaking,25fold,AG4632,WBExpStd_ExpFixedMinusOne,sample2,42.714
162,ES10,Digital,DSC_0012_ES10_66.sample2.BExpStd_ExpFixedMinusOne.clean.jpg.chl.csv,DSC_0012,ES10_66,ES10_DMCC2165_isoRep2_techRep3_25fold_AG4632,DMCC2165,X.necrophora_DMCC2165_LA,isoRep2,techRep3,shaking,25fold,AG4632,WBExpStd_ExpFixedMinusOne,sample2,35.621
163,ES10,Digital,DSC_0082_ES10_67.sample2.BExpStd_ExpFixedMinusOne.clean.jpg.chl.csv,DSC_0082,ES10_67,ES10_DMCC2165_isoRep3_techRep1_25fold_AG4632,DMCC2165,X.necrophora_DMCC2165_LA,isoRep3,techRep1,shaking,25fold,AG4632,WBExpStd_ExpFixedMinusOne,sample2,208.259
164,ES10,Digital,DSC_0530_ES10_68.sample2.BExpStd_ExpFixedMinusOne.clean.jpg.chl.csv,DSC_0530,ES10_68,ES10_DMCC2165_isoRep3_techRep2_25fold_AG4632,DMCC2165,X.necrophora_DMCC2165_LA,isoRep3,techRep2,shaking,25fold,AG4632,WBExpStd_ExpFixedMinusOne,sample2,130.991
165,ES10,Digital,DSC_0059_ES10_69.sample2.BExpStd_ExpFixedMinusOne.clean.jpg.chl.csv,DSC_0059,ES10_69,ES10_DMCC2165_isoRep3_techRep3_25fold_AG4632,DMCC2165,X.necrophora_DMCC2165_LA,isoRep3,techRep3,shaking,25fold,AG4632,WBExpStd_ExpFixedMinusOne,sample2,122.159
166,ES10,Digital,DSC_0010_ES10_70.sample2.BExpStd_ExpFixedMinusOne.clean.jpg.chl.csv,DSC_0010,ES10_70,ES10_DMCC2165_isoRep4_techRep1_25fold_AG4632,DMCC2165,X.necrophora_DMCC2165_LA,isoRep4,techRep1,shaking,25fold,AG4632,WBExpStd_ExpFixedMinusOne,sample2,357.082
167,ES10,Digital,DSC_0024_ES10_71.sample2.BExpStd_ExpFixedMinusOne.clean.jpg.chl.csv,DSC_0024,ES10_71,ES10_DMCC2165_isoRep4_techRep2_25fold_AG4632,DMCC2165,X.necrophora_DMCC2165_LA,isoRep4,techRep2,shaking,25fold,AG4632,WBExpStd_ExpFixedMinusOne,sample2,201.43
168,ES10,Digital,DSC_0543_ES10_72.sample2.BExpStd_ExpFixedMinusOne.clean.jpg.chl.csv,DSC_0543,ES10_72,ES10_DMCC2165_isoRep4_techRep3_25fold_AG4632,DMCC2165,X.necrophora_DMCC2165_LA,isoRep4,techRep3,shaking,25fold,AG4632,WBExpStd_ExpFixedMinusOne,sample2,222.714
169,ES10,Digital,DSC_0545_ES10_73.sample2.BExpStd_ExpFixedMinusOne.clean.jpg.chl.csv,DSC_0545,ES10_73,ES10_DMCC3828_isoRep1_techRep1_25fold_AG4632,DMCC3828,X.necrophora_DMCC3828_Martinique,isoRep1,techRep1,shaking,25fold,AG4632,WBExpStd_ExpFixedMinusOne,sample2,225.927
170,ES10,Digital,DSC_0574_ES10_74.sample2.BExpStd_ExpFixedMinusOne.clean.jpg.chl.csv,DSC_0574,ES10_74,ES10_DMCC3828_isoRep1_techRep2_25fold_AG4632,DMCC3828,X.necrophora_DMCC3828_Martinique,isoRep1,techRep2,shaking,25fold,AG4632,WBExpStd_ExpFixedMinusOne,sample2,159.056
171,ES10,Digital,DSC_0572_ES10_75.sample2.BExpStd_ExpFixedMinusOne.clean.jpg.chl.csv,DSC_0572,ES10_75,ES10_DMCC3828_isoRep1_techRep3_25fold_AG4632,DMCC3828,X.necrophora_DMCC3828_Martinique,isoRep1,techRep3,shaking,25fold,AG4632,WBExpStd_ExpFixedMinusOne,sample2,414.434
172,ES10,Digital,DSC_0004_ES10_76.sample2.WBExpStd_ExpFixedMinusOne.clean.jpg.chl.csv,DSC_0004,ES10_76,ES10_DMCC3828_isoRep2_techRep1_25fold_AG4632,DMCC3828,X.necrophora_DMCC3828_Martinique,isoRep2,techRep1,shaking,25fold,AG4632,WBExpStd_ExpFixedMinusOne,sample2,318.847
173,ES10,Digital,DSC_0590_ES10_77.sample2.BExpStd_ExpFixedMinusOne.clean.jpg.chl.csv,DSC_0590,ES10_77,ES10_DMCC3828_isoRep2_techRep2_25fold_AG4632,DMCC3828,X.necrophora_DMCC3828_Martinique,isoRep2,techRep2,shaking,25fold,AG4632,WBExpStd_ExpFixedMinusOne,sample2,136.503
174,ES10,Digital,DSC_0040_ES10_78.sample2.BExpStd_ExpFixedMinusOne.clean.jpg.chl.csv,DSC_0040,ES10_78,ES10_DMCC3828_isoRep2_techRep3_25fold_AG4632,DMCC3828,X.necrophora_DMCC3828_Martinique,isoRep2,techRep3,shaking,25fold,AG4632,WBExpStd_ExpFixedMinusOne,sample2,321.46
175,ES10,Digital,DSC_0086_ES10_79.sample2.BExpStd_ExpFixedMinusOne.clean.jpg.chl.csv,DSC_0086,ES10_79,ES10_DMCC3828_isoRep3_techRep1_25fold_AG4632,DMCC3828,X.necrophora_DMCC3828_Martinique,isoRep3,techRep1,shaking,25fold,AG4632,WBExpStd_ExpFixedMinusOne,sample2,62.158
176,ES10,Digital,DSC_0582_ES10_80.sample2.BExpStd_ExpFixedMinusOne.clean.jpg.chl.csv,DSC_0582,ES10_80,ES10_DMCC3828_isoRep3_techRep2_25fold_AG4632,DMCC3828,X.necrophora_DMCC3828_Martinique,isoRep3,techRep2,shaking,25fold,AG4632,WBExpStd_ExpFixedMinusOne,sample2,323.293
177,ES10,Digital,DSC_0068_ES10_81.sample2.BExpStd_ExpFixedMinusOne.clean.jpg.chl.csv,DSC_0068,ES10_81,ES10_DMCC3828_isoRep3_techRep3_25fold_AG4632,DMCC3828,X.necrophora_DMCC3828_Martinique,isoRep3,techRep3,shaking,25fold,AG4632,WBExpStd_ExpFixedMinusOne,sample2,376.621
178,ES10,Digital,DSC_0592_ES10_82.sample2.BExpStd_ExpFixedMinusOne.clean.jpg.chl.csv,DSC_0592,ES10_82,ES10_DMCC3828_isoRep4_techRep1_25fold_AG4632,DMCC3828,X.necrophora_DMCC3828_Martinique,isoRep4,techRep1,shaking,25fold,AG4632,WBExpStd_ExpFixedMinusOne,sample2,178.865
179,ES10,Digital,DSC_0051_ES10_83.sample2.BExpStd_ExpFixedMinusOne.clean.jpg.chl.csv,DSC_0051,ES10_83,ES10_DMCC3828_isoRep4_techRep2_25fold_AG4632,DMCC3828,X.necrophora_DMCC3828_Martinique,isoRep4,techRep2,shaking,25fold,AG4632,WBExpStd_ExpFixedMinusOne,sample2,324.528
180,ES10,Digital,DSC_0564_ES10_84.sample2.BExpStd_ExpFixedMinusOne.clean.jpg.chl.csv,DSC_0564,ES10_84,ES10_DMCC3828_isoRep4_techRep3_25fold_AG4632,DMCC3828,X.necrophora_DMCC3828_Martinique,isoRep4,techRep3,shaking,25fold,AG4632,WBExpStd_ExpFixedMinusOne,sample2,357.232
181,ES10,Digital,DSC_0606_ES10_85.sample2.BExpStd_ExpFixedMinusOne.clean.jpg.chl.csv,DSC_0606,ES10_85,ES10_DMCC3830_isoRep1_techRep1_25fold_AG4632,DMCC3830,X.cf.venustula_DMCC3830_LA,isoRep1,techRep1,shaking,25fold,AG4632,WBExpStd_ExpFixedMinusOne,sample2,191.727
182,ES10,Digital,DSC_0554_ES10_86.sample2.BExpStd_ExpFixedMinusOne.clean.jpg.chl.csv,DSC_0554,ES10_86,ES10_DMCC3830_isoRep1_techRep2_25fold_AG4632,DMCC3830,X.cf.venustula_DMCC3830_LA,isoRep1,techRep2,shaking,25fold,AG4632,WBExpStd_ExpFixedMinusOne,sample2,92.741
183,ES10,Digital,DSC_0008_ES10_87.sample2.BExpStd_ExpFixedMinusOne.clean.jpg.chl.csv,DSC_0008,ES10_87,ES10_DMCC3830_isoRep1_techRep3_25fold_AG4632,DMCC3830,X.cf.venustula_DMCC3830_LA,isoRep1,techRep3,shaking,25fold,AG4632,WBExpStd_ExpFixedMinusOne,sample2,302.844
184,ES10,Digital,DSC_0568_ES10_88.sample2.BExpStd_ExpFixedMinusOne.clean.jpg.chl.csv,DSC_0568,ES10_88,ES10_DMCC3830_isoRep2_techRep1_25fold_AG4632,DMCC3830,X.cf.venustula_DMCC3830_LA,isoRep2,techRep1,shaking,25fold,AG4632,WBExpStd_ExpFixedMinusOne,sample2,174.498
185,ES10,Digital,DSC_0084_ES10_89.sample2.BExpStd_ExpFixedMinusOne.clean.jpg.chl.csv,DSC_0084,ES10_89,ES10_DMCC3830_isoRep2_techRep2_25fold_AG4632,DMCC3830,X.cf.venustula_DMCC3830_LA,isoRep2,techRep2,shaking,25fold,AG4632,WBExpStd_ExpFixedMinusOne,sample2,54.318
186,ES10,Digital,DSC_0047_ES10_90.sample2.BExpStd_ExpFixedMinusOne.clean.jpg.chl.csv,DSC_0047,ES10_90,ES10_DMCC3830_isoRep2_techRep3_25fold_AG4632,DMCC3830,X.cf.venustula_DMCC3830_LA,isoRep2,techRep3,shaking,25fold,AG4632,WBExpStd_ExpFixedMinusOne,sample2,49.394
187,ES10,Digital,DSC_0535_ES10_91.sample2.BExpStd_ExpFixedMinusOne.clean.jpg.chl.csv,DSC_0535,ES10_91,ES10_DMCC3830_isoRep3_techRep1_25fold_AG4632,DMCC3830,X.cf.venustula_DMCC3830_LA,isoRep3,techRep1,shaking,25fold,AG4632,WBExpStd_ExpFixedMinusOne,sample2,133.818
188,ES10,Digital,DSC_0578_ES10_92.sample2.BExpStd_ExpFixedMinusOne.clean.jpg.chl.csv,DSC_0578,ES10_92,ES10_DMCC3830_isoRep3_techRep2_25fold_AG4632,DMCC3830,X.cf.venustula_DMCC3830_LA,isoRep3,techRep2,shaking,25fold,AG4632,WBExpStd_ExpFixedMinusOne,sample2,188.004
189,ES10,Digital,DSC_0528_ES10_93.sample2.BExpStd_ExpFixedMinusOne.clean.jpg.chl.csv,DSC_0528,ES10_93,ES10_DMCC3830_isoRep3_techRep3_25fold_AG4632,DMCC3830,X.cf.venustula_DMCC3830_LA,isoRep3,techRep3,shaking,25fold,AG4632,WBExpStd_ExpFixedMinusOne,sample2,51.175
190,ES10,Digital,DSC_0057_ES10_94.sample2.BExpStd_ExpFixedMinusOne.clean.jpg.chl.csv,DSC_0057,ES10_94,ES10_DMCC3830_isoRep4_techRep1_25fold_AG4632,DMCC3830,X.cf.venustula_DMCC3830_LA,isoRep4,techRep1,shaking,25fold,AG4632,WBExpStd_ExpFixedMinusOne,sample2,65.474
191,ES10,Digital,DSC_0072_ES10_95.sample2.BExpStd_ExpFixedMinusOne.clean.jpg.chl.csv,DSC_0072,ES10_95,ES10_DMCC3830_isoRep4_techRep2_25fold_AG4632,DMCC3830,X.cf.venustula_DMCC3830_LA,isoRep4,techRep2,shaking,25fold,AG4632,WBExpStd_ExpFixedMinusOne,sample2,56.833
192,ES10,Digital,DSC_0074_ES10_96.sample2.BExpStd_ExpFixedMinusOne.clean.jpg.chl.csv,DSC_0074,ES10_96,ES10_DMCC3830_isoRep4_techRep3_25fold_AG4632,DMCC3830,X.cf.venustula_DMCC3830_LA,isoRep4,techRep3,shaking,25fold,AG4632,WBExpStd_ExpFixedMinusOne,sample2,120.159
193,ES10,Digital,DSC_0038_ES10_01.sample3.BExpStd_ExpFixedMinusOne.clean.jpg.chl.csv,DSC_0038,ES10_01,ES10_Control_isoRep1_techRep1_100fold_AG4632,Control,Control,isoRep1,techRep1,shaking,100fold,AG4632,WBExpStd_ExpFixedMinusOne,sample3,413.366
194,ES10,Digital,DSC_0620_ES10_02.sample3.BExpStd_ExpFixedMinusOne.clean.jpg.chl.csv,DSC_0620,ES10_02,ES10_Control_isoRep1_techRep2_100fold_AG4632,Control,Control,isoRep1,techRep2,shaking,100fold,AG4632,WBExpStd_ExpFixedMinusOne,sample3,55
195,ES10,Digital,DSC_0614_ES10_03.sample3.BExpStd_ExpFixedMinusOne.clean.jpg.chl.csv,DSC_0614,ES10_03,ES10_Control_isoRep1_techRep3_100fold_AG4632,Control,Control,isoRep1,techRep3,shaking,100fold,AG4632,WBExpStd_ExpFixedMinusOne,sample3,174.569
196,ES10,Digital,DSC_0580_ES10_4.sample3.BExpStd_ExpFixedMinusOne.clean.jpg.chl.csv,DSC_0580,ES10_04,ES10_Control_isoRep2_techRep1_100fold_AG4632,Control,Control,isoRep2,techRep1,shaking,100fold,AG4632,WBExpStd_ExpFixedMinusOne,sample3,402.243
197,ES10,Digital,DSC_0092_ES10_05.sample3.BExpStd_ExpFixedMinusOne.clean.jpg.chl.csv,DSC_0092,ES10_05,ES10_Control_isoRep2_techRep2_100fold_AG4632,Control,Control,isoRep2,techRep2,shaking,100fold,AG4632,WBExpStd_ExpFixedMinusOne,sample3,548.102
198,ES10,Digital,DSC_0030_ES10_6.sample3.BExpStd_ExpFixedMinusOne.clean.jpg.chl.csv,DSC_0030,ES10_06,ES10_Control_isoRep2_techRep3_100fold_AG4632,Control,Control,isoRep2,techRep3,shaking,100fold,AG4632,WBExpStd_ExpFixedMinusOne,sample3,355.501
199,ES10,Digital,DSC_0594_ES10_07.sample3.BExpStd_ExpFixedMinusOne.clean.jpg.chl.csv,DSC_0594,ES10_07,ES10_Control_isoRep3_techRep1_100fold_AG4632,Control,Control,isoRep3,techRep1,shaking,100fold,AG4632,WBExpStd_ExpFixedMinusOne,sample3,397.691
200,ES10,Digital,DSC_0055_ES10_8.sample3.BExpStd_ExpFixedMinusOne.clean.jpg.chl.csv,DSC_0055,ES10_08,ES10_Control_isoRep3_techRep2_100fold_AG4632,Control,Control,isoRep3,techRep2,shaking,100fold,AG4632,WBExpStd_ExpFixedMinusOne,sample3,408.035
201,ES10,Digital,DSC_0006_ES10_09.sample3.BExpStd_ExpFixedMinusOne.clean.jpg.chl.csv,DSC_0006,ES10_09,ES10_Control_isoRep3_techRep3_100fold_AG4632,Control,Control,isoRep3,techRep3,shaking,100fold,AG4632,WBExpStd_ExpFixedMinusOne,sample3,324.977
202,ES10,Digital,DSC_0550_ES10_10.sample3.BExpStd_ExpFixedMinusOne.clean.jpg.chl.csv,DSC_0550,ES10_10,ES10_Control_isoRep4_techRep1_100fold_AG4632,Control,Control,isoRep4,techRep1,shaking,100fold,AG4632,WBExpStd_ExpFixedMinusOne,sample3,276.536
203,ES10,Digital,DSC_0541_ES10_11.sample3.BExpStd_ExpFixedMinusOne.clean.jpg.chl.csv,DSC_0541,ES10_11,ES10_Control_isoRep4_techRep2_100fold_AG4632,Control,Control,isoRep4,techRep2,shaking,100fold,AG4632,WBExpStd_ExpFixedMinusOne,sample3,345.833
204,ES10,Digital,DSC_0539_ES10_12.sample3.BExpStd_ExpFixedMinusOne.clean.jpg.chl.csv,DSC_0539,ES10_12,ES10_Control_isoRep4_techRep3_100fold_AG4632,Control,Control,isoRep4,techRep3,shaking,100fold,AG4632,WBExpStd_ExpFixedMinusOne,sample3,423.459
205,ES10,Digital,DSC_0596_ES10_13.sample3.BExpStd_ExpFixedMinusOne.clean.jpg.chl.csv,DSC_0596,ES10_13,ES10_DMCC2165_isoRep1_techRep1_100fold_AG4632,DMCC2165,X.necrophora_DMCC2165_LA,isoRep1,techRep1,shaking,100fold,AG4632,WBExpStd_ExpFixedMinusOne,sample3,326.525
206,ES10,Digital,DSC_0618_ES10_14.sample3.BExpStd_ExpFixedMinusOne.clean.jpg.chl.csv,DSC_0618,ES10_14,ES10_DMCC2165_isoRep1_techRep2_100fold_AG4632,DMCC2165,X.necrophora_DMCC2165_LA,isoRep1,techRep2,shaking,100fold,AG4632,WBExpStd_ExpFixedMinusOne,sample3,40.482
207,ES10,Digital,DSC_0560_ES10_15.sample3.BExpStd_ExpFixedMinusOne.clean.jpg.chl.csv,DSC_0560,ES10_15,ES10_DMCC2165_isoRep1_techRep3_100fold_AG4632,DMCC2165,X.necrophora_DMCC2165_LA,isoRep1,techRep3,shaking,100fold,AG4632,WBExpStd_ExpFixedMinusOne,sample3,385.633
208,ES10,Digital,DSC_0066_ES10_16.sample3.BExpStd_ExpFixedMinusOne.clean.jpg.chl.csv,DSC_0066,ES10_16,ES10_DMCC2165_isoRep2_techRep1_100fold_AG4632,DMCC2165,X.necrophora_DMCC2165_LA,isoRep2,techRep1,shaking,100fold,AG4632,WBExpStd_ExpFixedMinusOne,sample3,416.905
209,ES10,Digital,DSC_0562_ES10_17.sample3.BExpStd_ExpFixedMinusOne.clean.jpg.chl.csv,DSC_0562,ES10_17,ES10_DMCC2165_isoRep2_techRep2_100fold_AG4632,DMCC2165,X.necrophora_DMCC2165_LA,isoRep2,techRep2,shaking,100fold,AG4632,WBExpStd_ExpFixedMinusOne,sample3,172.305
210,ES10,Digital,DSC_0610_ES10_18.sample3.BExpStd_ExpFixedMinusOne.clean.jpg.chl.csv,DSC_0610,ES10_18,ES10_DMCC2165_isoRep2_techRep3_100fold_AG4632,DMCC2165,X.necrophora_DMCC2165_LA,isoRep2,techRep3,shaking,100fold,AG4632,WBExpStd_ExpFixedMinusOne,sample3,38.395
211,ES10,Digital,DSC_0576_ES10_19.sample3.BExpStd_ExpFixedMinusOne.clean.jpg.chl.csv,DSC_0576,ES10_19,ES10_DMCC2165_isoRep3_techRep1_100fold_AG4632,DMCC2165,X.necrophora_DMCC2165_LA,isoRep3,techRep1,shaking,100fold,AG4632,WBExpStd_ExpFixedMinusOne,sample3,35.416
212,ES10,Digital,DSC_0049_ES10_20.sample3.BExpStd_ExpFixedMinusOne.clean.jpg.chl.csv,DSC_0049,ES10_20,ES10_DMCC2165_isoRep3_techRep2_100fold_AG4632,DMCC2165,X.necrophora_DMCC2165_LA,isoRep3,techRep2,shaking,100fold,AG4632,WBExpStd_ExpFixedMinusOne,sample3,395.514
213,ES10,Digital,DSC_0016_ES10_21.sample3.BExpStd_ExpFixedMinusOne.clean.jpg.chl.csv,DSC_0016,ES10_21,ES10_DMCC2165_isoRep3_techRep3_100fold_AG4632,DMCC2165,X.necrophora_DMCC2165_LA,isoRep3,techRep3,shaking,100fold,AG4632,WBExpStd_ExpFixedMinusOne,sample3,70.382
214,ES10,Digital,DSC_0602_ES10_22.sample3.BExpStd_ExpFixedMinusOne.clean.jpg.chl.csv,DSC_0602,ES10_22,ES10_DMCC2165_isoRep4_techRep1_100fold_AG4632,DMCC2165,X.necrophora_DMCC2165_LA,isoRep4,techRep1,shaking,100fold,AG4632,WBExpStd_ExpFixedMinusOne,sample3,333.4
215,ES10,Digital,DSC_0042_ES10_23.sample3.BExpStd_ExpFixedMinusOne.clean.jpg.chl.csv,DSC_0042,ES10_23,ES10_DMCC2165_isoRep4_techRep2_100fold_AG4632,DMCC2165,X.necrophora_DMCC2165_LA,isoRep4,techRep2,shaking,100fold,AG4632,WBExpStd_ExpFixedMinusOne,sample3,195.625
216,ES10,Digital,DSC_0053_ES10_24.sample3.BExpStd_ExpFixedMinusOne.clean.jpg.chl.csv,DSC_0053,ES10_24,ES10_DMCC2165_isoRep4_techRep3_100fold_AG4632,DMCC2165,X.necrophora_DMCC2165_LA,isoRep4,techRep3,shaking,100fold,AG4632,WBExpStd_ExpFixedMinusOne,sample3,376.598
217,ES10,Digital,DSC_0022_ES10_25.sample3.BExpStd_ExpFixedMinusOne.clean.jpg.chl.csv,DSC_0022,ES10_25,ES10_DMCC3828_isoRep1_techRep1_100fold_AG4632,DMCC3828,X.necrophora_DMCC3828_Martinique,isoRep1,techRep1,shaking,100fold,AG4632,WBExpStd_ExpFixedMinusOne,sample3,388.272
218,ES10,Digital,DSC_0088_ES10_26.sample3.BExpStd_ExpFixedMinusOne.clean.jpg.chl.csv,DSC_0088,ES10_26,ES10_DMCC3828_isoRep1_techRep2_100fold_AG4632,DMCC3828,X.necrophora_DMCC3828_Martinique,isoRep1,techRep2,shaking,100fold,AG4632,WBExpStd_ExpFixedMinusOne,sample3,329.603
219,ES10,Digital,DSC_0584_ES10_27.sample3.BExpStd_ExpFixedMinusOne.clean.jpg.chl.csv,DSC_0584,ES10_27,ES10_DMCC3828_isoRep1_techRep3_100fold_AG4632,DMCC3828,X.necrophora_DMCC3828_Martinique,isoRep1,techRep3,shaking,100fold,AG4632,WBExpStd_ExpFixedMinusOne,sample3,361.252
220,ES10,Digital,DSC_0018_ES10_28.sample3.BExpStd_ExpFixedMinusOne.clean.jpg.chl.csv,DSC_0018,ES10_28,ES10_DMCC3828_isoRep2_techRep1_100fold_AG4632,DMCC3828,X.necrophora_DMCC3828_Martinique,isoRep2,techRep1,shaking,100fold,AG4632,WBExpStd_ExpFixedMinusOne,sample3,471.094
221,ES10,Digital,DSC_0044_ES10_29.sample3.BExpStd_ExpFixedMinusOne.clean.jpg.chl.csv,DSC_0044,ES10_29,ES10_DMCC3828_isoRep2_techRep2_100fold_AG4632,DMCC3828,X.necrophora_DMCC3828_Martinique,isoRep2,techRep2,shaking,100fold,AG4632,WBExpStd_ExpFixedMinusOne,sample3,186.373
222,ES10,Digital,DSC_0566_ES10_30.sample3.BExpStd_ExpFixedMinusOne.clean.jpg.chl.csv,DSC_0566,ES10_30,ES10_DMCC3828_isoRep2_techRep3_100fold_AG4632,DMCC3828,X.necrophora_DMCC3828_Martinique,isoRep2,techRep3,shaking,100fold,AG4632,WBExpStd_ExpFixedMinusOne,sample3,330.941
223,ES10,Digital,DSC_0533_ES10_31.sample3.BExpStd_ExpFixedMinusOne.clean.jpg.chl.csv,DSC_0533,ES10_31,ES10_DMCC3828_isoRep3_techRep1_100fold_AG4632,DMCC3828,X.necrophora_DMCC3828_Martinique,isoRep3,techRep1,shaking,100fold,AG4632,WBExpStd_ExpFixedMinusOne,sample3,274.439
224,ES10,Digital,DSC_0002.ES10_32.sample3.WBExpStd_ExpFixedMinusOne.clean.jpg.chl.csv,DSC_0002,ES10_32,ES10_DMCC3828_isoRep3_techRep2_100fold_AG4632,DMCC3828,X.necrophora_DMCC3828_Martinique,isoRep3,techRep2,shaking,100fold,AG4632,WBExpStd_ExpFixedMinusOne,sample3,219.186
225,ES10,Digital,DSC_0020_ES10_33.sample3.BExpStd_ExpFixedMinusOne.clean.jpg.chl.csv,DSC_0020,ES10_33,ES10_DMCC3828_isoRep3_techRep3_100fold_AG4632,DMCC3828,X.necrophora_DMCC3828_Martinique,isoRep3,techRep3,shaking,100fold,AG4632,WBExpStd_ExpFixedMinusOne,sample3,364.633
226,ES10,Digital,DSC_0076_ES10_34.sample3.BExpStd_ExpFixedMinusOne.clean.jpg.chl.csv,DSC_0076,ES10_34,ES10_DMCC3828_isoRep4_techRep1_100fold_AG4632,DMCC3828,X.necrophora_DMCC3828_Martinique,isoRep4,techRep1,shaking,100fold,AG4632,WBExpStd_ExpFixedMinusOne,sample3,402.688
227,ES10,Digital,DSC_0061_ES10_35.sample3.BExpStd_ExpFixedMinusOne.clean.jpg.chl.csv,DSC_0061,ES10_35,ES10_DMCC3828_isoRep4_techRep2_100fold_AG4632,DMCC3828,X.necrophora_DMCC3828_Martinique,isoRep4,techRep2,shaking,100fold,AG4632,WBExpStd_ExpFixedMinusOne,sample3,618.981
228,ES10,Digital,DSC_0612_ES10_36.sample3.BExpStd_ExpFixedMinusOne.clean.jpg.chl.csv,DSC_0612,ES10_36,ES10_DMCC3828_isoRep4_techRep3_100fold_AG4632,DMCC3828,X.necrophora_DMCC3828_Martinique,isoRep4,techRep3,shaking,100fold,AG4632,WBExpStd_ExpFixedMinusOne,sample3,347.151
229,ES10,Digital,DSC_0556_ES10_37.sample3.BExpStd_ExpFixedMinusOne.clean.jpg.chl.csv,DSC_0556,ES10_37,ES10_DMCC3830_isoRep1_techRep1_100fold_AG4632,DMCC3830,X.cf.venustula_DMCC3830_LA,isoRep1,techRep1,shaking,100fold,AG4632,WBExpStd_ExpFixedMinusOne,sample3,56.298
230,ES10,Digital,DSC_0063_ES10_38.sample3.BExpStd_ExpFixedMinusOne.clean.jpg.chl.csv,DSC_0063,ES10_38,ES10_DMCC3830_isoRep1_techRep2_100fold_AG4632,DMCC3830,X.cf.venustula_DMCC3830_LA,isoRep1,techRep2,shaking,100fold,AG4632,WBExpStd_ExpFixedMinusOne,sample3,58.48
231,ES10,Digital,DSC_0537_ES10_39.sample3.BExpStd_ExpFixedMinusOne.clean.jpg.chl.csv,DSC_0537,ES10_39,ES10_DMCC3830_isoRep1_techRep3_100fold_AG4632,DMCC3830,X.cf.venustula_DMCC3830_LA,isoRep1,techRep3,shaking,100fold,AG4632,WBExpStd_ExpFixedMinusOne,sample3,170.491
232,ES10,Digital,DSC_0028_ES10_40.sample3.BExpStd_ExpFixedMinusOne.clean.jpg.chl.csv,DSC_0028,ES10_40,ES10_DMCC3830_isoRep2_techRep1_100fold_AG4632,DMCC3830,X.cf.venustula_DMCC3830_LA,isoRep2,techRep1,shaking,100fold,AG4632,WBExpStd_ExpFixedMinusOne,sample3,79.413
233,ES10,Digital,DSC_0080_ES10_41.sample3.BExpStd_ExpFixedMinusOne.clean.jpg.chl.csv,DSC_0080,ES10_41,ES10_DMCC3830_isoRep2_techRep2_100fold_AG4632,DMCC3830,X.cf.venustula_DMCC3830_LA,isoRep2,techRep2,shaking,100fold,AG4632,WBExpStd_ExpFixedMinusOne,sample3,297.909
234,ES10,Digital,DSC_0070_ES10_42.sample3.BExpStd_ExpFixedMinusOne.clean.jpg.chl.csv,DSC_0070,ES10_42,ES10_DMCC3830_isoRep2_techRep3_100fold_AG4632,DMCC3830,X.cf.venustula_DMCC3830_LA,isoRep2,techRep3,shaking,100fold,AG4632,WBExpStd_ExpFixedMinusOne,sample3,61.654
235,ES10,Digital,DSC_0078_ES10_43.sample3.BExpStd_ExpFixedMinusOne.clean.jpg.chl.csv,DSC_0078,ES10_43,ES10_DMCC3830_isoRep3_techRep1_100fold_AG4632,DMCC3830,X.cf.venustula_DMCC3830_LA,isoRep3,techRep1,shaking,100fold,AG4632,WBExpStd_ExpFixedMinusOne,sample3,75.201
236,ES10,Digital,DSC_0588_ES10_44.sample3.BExpStd_ExpFixedMinusOne.clean.jpg.chl.csv,DSC_0588,ES10_44,ES10_DMCC3830_isoRep3_techRep2_100fold_AG4632,DMCC3830,X.cf.venustula_DMCC3830_LA,isoRep3,techRep2,shaking,100fold,AG4632,WBExpStd_ExpFixedMinusOne,sample3,30.712
237,ES10,Digital,DSC_0014_ES10_45.sample3.BExpStd_ExpFixedMinusOne.clean.jpg.chl.csv,DSC_0014,ES10_45,ES10_DMCC3830_isoRep3_techRep3_100fold_AG4632,DMCC3830,X.cf.venustula_DMCC3830_LA,isoRep3,techRep3,shaking,100fold,AG4632,WBExpStd_ExpFixedMinusOne,sample3,155.923
238,ES10,Digital,DSC_0547_ES10_46.sample3.BExpStd_ExpFixedMinusOne.clean.jpg.chl.csv,DSC_0547,ES10_46,ES10_DMCC3830_isoRep4_techRep1_100fold_AG4632,DMCC3830,X.cf.venustula_DMCC3830_LA,isoRep4,techRep1,shaking,100fold,AG4632,WBExpStd_ExpFixedMinusOne,sample3,303.51
239,ES10,Digital,DSC_0032_ES10_47.sample3.BExpStd_ExpFixedMinusOne.clean.jpg.chl.csv,DSC_0032,ES10_47,ES10_DMCC3830_isoRep4_techRep2_100fold_AG4632,DMCC3830,X.cf.venustula_DMCC3830_LA,isoRep4,techRep2,shaking,100fold,AG4632,WBExpStd_ExpFixedMinusOne,sample3,62.74
240,ES10,Digital,DSC_0616_ES10_48.sample3.BExpStd_ExpFixedMinusOne.clean.jpg.chl.csv,DSC_0616,ES10_48,ES10_DMCC3830_isoRep4_techRep3_100fold_AG4632,DMCC3830,X.cf.venustula_DMCC3830_LA,isoRep4,techRep3,shaking,100fold,AG4632,WBExpStd_ExpFixedMinusOne,sample3,74.735
241,ES10,Digital,DSC_0090_ES10_49.sample3.BExpStd_ExpFixedMinusOne.clean.jpg.chl.csv,DSC_0090,ES10_49,ES10_Control_isoRep1_techRep1_25fold_AG4632,Control,Control,isoRep1,techRep1,shaking,25fold,AG4632,WBExpStd_ExpFixedMinusOne,sample3,372.097
242,ES10,Digital,DSC_0036_ES10_50.sample3.BExpStd_ExpFixedMinusOne.clean.jpg.chl.csv,DSC_0036,ES10_50,ES10_Control_isoRep1_techRep2_25fold_AG4632,Control,Control,isoRep1,techRep2,shaking,25fold,AG4632,WBExpStd_ExpFixedMinusOne,sample3,424.272
243,ES10,Digital,DSC_0526_ES10_51.sample3.BExpStd_ExpFixedMinusOne.clean.jpg.chl.csv,DSC_0526,ES10_51,ES10_Control_isoRep1_techRep3_25fold_AG4632,Control,Control,isoRep1,techRep3,shaking,25fold,AG4632,WBExpStd_ExpFixedMinusOne,sample3,366.257
244,ES10,Digital,DSC_0586_ES10_52.sample3.BExpStd_ExpFixedMinusOne.clean.jpg.chl.csv,DSC_0586,ES10_52,ES10_Control_isoRep2_techRep1_25fold_AG4632,Control,Control,isoRep2,techRep1,shaking,25fold,AG4632,WBExpStd_ExpFixedMinusOne,sample3,378.445
245,ES10,Digital,DSC_0604_ES10_53.sample3.BExpStd_ExpFixedMinusOne.clean.jpg.chl.csv,DSC_0604,ES10_53,ES10_Control_isoRep2_techRep2_25fold_AG4632,Control,Control,isoRep2,techRep2,shaking,25fold,AG4632,WBExpStd_ExpFixedMinusOne,sample3,393.353
246,ES10,Digital,DSC_0598_ES10_54.sample3.BExpStd_ExpFixedMinusOne.clean.jpg.chl.csv,DSC_0598,ES10_54,ES10_Control_isoRep2_techRep3_25fold_AG4632,Control,Control,isoRep2,techRep3,shaking,25fold,AG4632,WBExpStd_ExpFixedMinusOne,sample3,555.395
247,ES10,Digital,NA,NA,NA,ES10_Control_isoRep3_techRep1_25fold_AG4632,Control,Control,isoRep3,techRep1,shaking,25fold,AG4632,NA,NA,NA
248,ES10,Digital,NA,NA,NA,ES10_Control_isoRep3_techRep2_25fold_AG4632,Control,Control,isoRep3,techRep2,shaking,25fold,AG4632,NA,NA,NA
249,ES10,Digital,DSC_0552_ES10_57.sample3.BExpStd_ExpFixedMinusOne.clean.jpg.chl.csv,DSC_0552,ES10_57,ES10_Control_isoRep3_techRep3_25fold_AG4632,Control,Control,isoRep3,techRep3,shaking,25fold,AG4632,WBExpStd_ExpFixedMinusOne,sample3,378.556
250,ES10,Digital,DSC_0034_ES10_58.sample3.BExpStd_ExpFixedMinusOne.clean.jpg.chl.csv,DSC_0034,ES10_58,ES10_Control_isoRep4_techRep1_25fold_AG4632,Control,Control,isoRep4,techRep1,shaking,25fold,AG4632,WBExpStd_ExpFixedMinusOne,sample3,327.627
251,ES10,Digital,DSC_0558_ES10_59.sample3.BExpStd_ExpFixedMinusOne.clean.jpg.chl.csv,DSC_0558,ES10_59,ES10_Control_isoRep4_techRep2_25fold_AG4632,Control,Control,isoRep4,techRep2,shaking,25fold,AG4632,WBExpStd_ExpFixedMinusOne,sample3,376.509
252,ES10,Digital,DSC_0095_ES10_60.sample3.BExpStd_ExpFixedMinusOne.clean.jpg.chl.csv,DSC_0095,ES10_60,ES10_Control_isoRep4_techRep3_25fold_AG4632,Control,Control,isoRep4,techRep3,shaking,25fold,AG4632,WBExpStd_ExpFixedMinusOne,sample3,473.62
253,ES10,Digital,DSC_0608_ES10_61.sample3.BExpStd_ExpFixedMinusOne.clean.jpg.chl.csv,DSC_0608,ES10_61,ES10_DMCC2165_isoRep1_techRep1_25fold_AG4632,DMCC2165,X.necrophora_DMCC2165_LA,isoRep1,techRep1,shaking,25fold,AG4632,WBExpStd_ExpFixedMinusOne,sample3,67.461
254,ES10,Digital,DSC_0524_ES10_62.sample3.BExpStd_ExpFixedMinusOne.clean.jpg.chl.csv,DSC_0524,ES10_62,ES10_DMCC2165_isoRep1_techRep2_25fold_AG4632,DMCC2165,X.necrophora_DMCC2165_LA,isoRep1,techRep2,shaking,25fold,AG4632,WBExpStd_ExpFixedMinusOne,sample3,41.315
255,ES10,Digital,DSC_0600_ES10_63.sample3.BExpStd_ExpFixedMinusOne.clean.jpg.chl.csv,DSC_0600,ES10_63,ES10_DMCC2165_isoRep1_techRep3_25fold_AG4632,DMCC2165,X.necrophora_DMCC2165_LA,isoRep1,techRep3,shaking,25fold,AG4632,WBExpStd_ExpFixedMinusOne,sample3,292.19
256,ES10,Digital,DSC_0570_ES10_64.sample3.BExpStd_ExpFixedMinusOne.clean.jpg.chl.csv,DSC_0570,ES10_64,ES10_DMCC2165_isoRep2_techRep1_25fold_AG4632,DMCC2165,X.necrophora_DMCC2165_LA,isoRep2,techRep1,shaking,25fold,AG4632,WBExpStd_ExpFixedMinusOne,sample3,260.531
257,ES10,Digital,DSC_0026_ES10_65.sample3.BExpStd_ExpFixedMinusOne.clean.jpg.chl.csv,DSC_0026,ES10_65,ES10_DMCC2165_isoRep2_techRep2_25fold_AG4632,DMCC2165,X.necrophora_DMCC2165_LA,isoRep2,techRep2,shaking,25fold,AG4632,WBExpStd_ExpFixedMinusOne,sample3,39.71
258,ES10,Digital,DSC_0012_ES10_66.sample3.BExpStd_ExpFixedMinusOne.clean.jpg.chl.csv,DSC_0012,ES10_66,ES10_DMCC2165_isoRep2_techRep3_25fold_AG4632,DMCC2165,X.necrophora_DMCC2165_LA,isoRep2,techRep3,shaking,25fold,AG4632,WBExpStd_ExpFixedMinusOne,sample3,34.61
259,ES10,Digital,DSC_0082_ES10_67.sample3.BExpStd_ExpFixedMinusOne.clean.jpg.chl.csv,DSC_0082,ES10_67,ES10_DMCC2165_isoRep3_techRep1_25fold_AG4632,DMCC2165,X.necrophora_DMCC2165_LA,isoRep3,techRep1,shaking,25fold,AG4632,WBExpStd_ExpFixedMinusOne,sample3,234.926
260,ES10,Digital,DSC_0530_ES10_68.sample3.BExpStd_ExpFixedMinusOne.clean.jpg.chl.csv,DSC_0530,ES10_68,ES10_DMCC2165_isoRep3_techRep2_25fold_AG4632,DMCC2165,X.necrophora_DMCC2165_LA,isoRep3,techRep2,shaking,25fold,AG4632,WBExpStd_ExpFixedMinusOne,sample3,117.798
261,ES10,Digital,DSC_0059_ES10_69.sample3.BExpStd_ExpFixedMinusOne.clean.jpg.chl.csv,DSC_0059,ES10_69,ES10_DMCC2165_isoRep3_techRep3_25fold_AG4632,DMCC2165,X.necrophora_DMCC2165_LA,isoRep3,techRep3,shaking,25fold,AG4632,WBExpStd_ExpFixedMinusOne,sample3,96.422
262,ES10,Digital,DSC_0010_ES10_70.sample3.BExpStd_ExpFixedMinusOne.clean.jpg.chl.csv,DSC_0010,ES10_70,ES10_DMCC2165_isoRep4_techRep1_25fold_AG4632,DMCC2165,X.necrophora_DMCC2165_LA,isoRep4,techRep1,shaking,25fold,AG4632,WBExpStd_ExpFixedMinusOne,sample3,384.504
263,ES10,Digital,DSC_0024_ES10_71.sample3.BExpStd_ExpFixedMinusOne.clean.jpg.chl.csv,DSC_0024,ES10_71,ES10_DMCC2165_isoRep4_techRep2_25fold_AG4632,DMCC2165,X.necrophora_DMCC2165_LA,isoRep4,techRep2,shaking,25fold,AG4632,WBExpStd_ExpFixedMinusOne,sample3,191.814
264,ES10,Digital,DSC_0543_ES10_72.sample3.BExpStd_ExpFixedMinusOne.clean.jpg.chl.csv,DSC_0543,ES10_72,ES10_DMCC2165_isoRep4_techRep3_25fold_AG4632,DMCC2165,X.necrophora_DMCC2165_LA,isoRep4,techRep3,shaking,25fold,AG4632,WBExpStd_ExpFixedMinusOne,sample3,314.693
265,ES10,Digital,DSC_0545_ES10_73.sample3.BExpStd_ExpFixedMinusOne.clean.jpg.chl.csv,DSC_0545,ES10_73,ES10_DMCC3828_isoRep1_techRep1_25fold_AG4632,DMCC3828,X.necrophora_DMCC3828_Martinique,isoRep1,techRep1,shaking,25fold,AG4632,WBExpStd_ExpFixedMinusOne,sample3,185.172
266,ES10,Digital,DSC_0574_ES10_74.sample3.BExpStd_ExpFixedMinusOne.clean.jpg.chl.csv,DSC_0574,ES10_74,ES10_DMCC3828_isoRep1_techRep2_25fold_AG4632,DMCC3828,X.necrophora_DMCC3828_Martinique,isoRep1,techRep2,shaking,25fold,AG4632,WBExpStd_ExpFixedMinusOne,sample3,232.749
267,ES10,Digital,DSC_0572_ES10_75.sample3.BExpStd_ExpFixedMinusOne.clean.jpg.chl.csv,DSC_0572,ES10_75,ES10_DMCC3828_isoRep1_techRep3_25fold_AG4632,DMCC3828,X.necrophora_DMCC3828_Martinique,isoRep1,techRep3,shaking,25fold,AG4632,WBExpStd_ExpFixedMinusOne,sample3,442.489
268,ES10,Digital,DSC_0004_ES10_76.sample3.WBExpStd_ExpFixedMinusOne.clean.jpg.chl.csv,DSC_0004,ES10_76,ES10_DMCC3828_isoRep2_techRep1_25fold_AG4632,DMCC3828,X.necrophora_DMCC3828_Martinique,isoRep2,techRep1,shaking,25fold,AG4632,WBExpStd_ExpFixedMinusOne,sample3,339.834
269,ES10,Digital,DSC_0590_ES10_77.sample3.BExpStd_ExpFixedMinusOne.clean.jpg.chl.csv,DSC_0590,ES10_77,ES10_DMCC3828_isoRep2_techRep2_25fold_AG4632,DMCC3828,X.necrophora_DMCC3828_Martinique,isoRep2,techRep2,shaking,25fold,AG4632,WBExpStd_ExpFixedMinusOne,sample3,88.759
270,ES10,Digital,DSC_0040_ES10_78.sample3.BExpStd_ExpFixedMinusOne.clean.jpg.chl.csv,DSC_0040,ES10_78,ES10_DMCC3828_isoRep2_techRep3_25fold_AG4632,DMCC3828,X.necrophora_DMCC3828_Martinique,isoRep2,techRep3,shaking,25fold,AG4632,WBExpStd_ExpFixedMinusOne,sample3,321.73
271,ES10,Digital,DSC_0086_ES10_79.sample3.BExpStd_ExpFixedMinusOne.clean.jpg.chl.csv,DSC_0086,ES10_79,ES10_DMCC3828_isoRep3_techRep1_25fold_AG4632,DMCC3828,X.necrophora_DMCC3828_Martinique,isoRep3,techRep1,shaking,25fold,AG4632,WBExpStd_ExpFixedMinusOne,sample3,61.858
272,ES10,Digital,DSC_0582_ES10_80.sample3.BExpStd_ExpFixedMinusOne.clean.jpg.chl.csv,DSC_0582,ES10_80,ES10_DMCC3828_isoRep3_techRep2_25fold_AG4632,DMCC3828,X.necrophora_DMCC3828_Martinique,isoRep3,techRep2,shaking,25fold,AG4632,WBExpStd_ExpFixedMinusOne,sample3,374.994
273,ES10,Digital,DSC_0068_ES10_81.sample3.BExpStd_ExpFixedMinusOne.clean.jpg.chl.csv,DSC_0068,ES10_81,ES10_DMCC3828_isoRep3_techRep3_25fold_AG4632,DMCC3828,X.necrophora_DMCC3828_Martinique,isoRep3,techRep3,shaking,25fold,AG4632,WBExpStd_ExpFixedMinusOne,sample3,377.803
274,ES10,Digital,DSC_0592_ES10_82.sample3.BExpStd_ExpFixedMinusOne.clean.jpg.chl.csv,DSC_0592,ES10_82,ES10_DMCC3828_isoRep4_techRep1_25fold_AG4632,DMCC3828,X.necrophora_DMCC3828_Martinique,isoRep4,techRep1,shaking,25fold,AG4632,WBExpStd_ExpFixedMinusOne,sample3,236.536
275,ES10,Digital,DSC_0051_ES10_83.sample3.BExpStd_ExpFixedMinusOne.clean.jpg.chl.csv,DSC_0051,ES10_83,ES10_DMCC3828_isoRep4_techRep2_25fold_AG4632,DMCC3828,X.necrophora_DMCC3828_Martinique,isoRep4,techRep2,shaking,25fold,AG4632,WBExpStd_ExpFixedMinusOne,sample3,250.021
276,ES10,Digital,DSC_0564_ES10_84.sample3.BExpStd_ExpFixedMinusOne.clean.jpg.chl.csv,DSC_0564,ES10_84,ES10_DMCC3828_isoRep4_techRep3_25fold_AG4632,DMCC3828,X.necrophora_DMCC3828_Martinique,isoRep4,techRep3,shaking,25fold,AG4632,WBExpStd_ExpFixedMinusOne,sample3,388.602
277,ES10,Digital,DSC_0606_ES10_85.sample3.BExpStd_ExpFixedMinusOne.clean.jpg.chl.csv,DSC_0606,ES10_85,ES10_DMCC3830_isoRep1_techRep1_25fold_AG4632,DMCC3830,X.cf.venustula_DMCC3830_LA,isoRep1,techRep1,shaking,25fold,AG4632,WBExpStd_ExpFixedMinusOne,sample3,165.088
278,ES10,Digital,DSC_0554_ES10_86.sample3.BExpStd_ExpFixedMinusOne.clean.jpg.chl.csv,DSC_0554,ES10_86,ES10_DMCC3830_isoRep1_techRep2_25fold_AG4632,DMCC3830,X.cf.venustula_DMCC3830_LA,isoRep1,techRep2,shaking,25fold,AG4632,WBExpStd_ExpFixedMinusOne,sample3,132.196
279,ES10,Digital,DSC_0008_ES10_87.sample3.BExpStd_ExpFixedMinusOne.clean.jpg.chl.csv,DSC_0008,ES10_87,ES10_DMCC3830_isoRep1_techRep3_25fold_AG4632,DMCC3830,X.cf.venustula_DMCC3830_LA,isoRep1,techRep3,shaking,25fold,AG4632,WBExpStd_ExpFixedMinusOne,sample3,355.173
280,ES10,Digital,DSC_0568_ES10_88.sample3.BExpStd_ExpFixedMinusOne.clean.jpg.chl.csv,DSC_0568,ES10_88,ES10_DMCC3830_isoRep2_techRep1_25fold_AG4632,DMCC3830,X.cf.venustula_DMCC3830_LA,isoRep2,techRep1,shaking,25fold,AG4632,WBExpStd_ExpFixedMinusOne,sample3,178.024
281,ES10,Digital,DSC_0084_ES10_89.sample3.BExpStd_ExpFixedMinusOne.clean.jpg.chl.csv,DSC_0084,ES10_89,ES10_DMCC3830_isoRep2_techRep2_25fold_AG4632,DMCC3830,X.cf.venustula_DMCC3830_LA,isoRep2,techRep2,shaking,25fold,AG4632,WBExpStd_ExpFixedMinusOne,sample3,99.327
282,ES10,Digital,DSC_0047_ES10_90.sample3.BExpStd_ExpFixedMinusOne.clean.jpg.chl.csv,DSC_0047,ES10_90,ES10_DMCC3830_isoRep2_techRep3_25fold_AG4632,DMCC3830,X.cf.venustula_DMCC3830_LA,isoRep2,techRep3,shaking,25fold,AG4632,WBExpStd_ExpFixedMinusOne,sample3,35.666
283,ES10,Digital,DSC_0535_ES10_91.sample3.BExpStd_ExpFixedMinusOne.clean.jpg.chl.csv,DSC_0535,ES10_91,ES10_DMCC3830_isoRep3_techRep1_25fold_AG4632,DMCC3830,X.cf.venustula_DMCC3830_LA,isoRep3,techRep1,shaking,25fold,AG4632,WBExpStd_ExpFixedMinusOne,sample3,179.833
284,ES10,Digital,DSC_0578_ES10_92.sample3.BExpStd_ExpFixedMinusOne.clean.jpg.chl.csv,DSC_0578,ES10_92,ES10_DMCC3830_isoRep3_techRep2_25fold_AG4632,DMCC3830,X.cf.venustula_DMCC3830_LA,isoRep3,techRep2,shaking,25fold,AG4632,WBExpStd_ExpFixedMinusOne,sample3,203.884
285,ES10,Digital,DSC_0528_ES10_93.sample3.BExpStd_ExpFixedMinusOne.clean.jpg.chl.csv,DSC_0528,ES10_93,ES10_DMCC3830_isoRep3_techRep3_25fold_AG4632,DMCC3830,X.cf.venustula_DMCC3830_LA,isoRep3,techRep3,shaking,25fold,AG4632,WBExpStd_ExpFixedMinusOne,sample3,45.587
286,ES10,Digital,DSC_0057_ES10_94.sample3.BExpStd_ExpFixedMinusOne.clean.jpg.chl.csv,DSC_0057,ES10_94,ES10_DMCC3830_isoRep4_techRep1_25fold_AG4632,DMCC3830,X.cf.venustula_DMCC3830_LA,isoRep4,techRep1,shaking,25fold,AG4632,WBExpStd_ExpFixedMinusOne,sample3,78.617
287,ES10,Digital,DSC_0072_ES10_95.sample3.BExpStd_ExpFixedMinusOne.clean.jpg.chl.csv,DSC_0072,ES10_95,ES10_DMCC3830_isoRep4_techRep2_25fold_AG4632,DMCC3830,X.cf.venustula_DMCC3830_LA,isoRep4,techRep2,shaking,25fold,AG4632,WBExpStd_ExpFixedMinusOne,sample3,66.808
288,ES10,Digital,DSC_0074_ES10_96.sample3.BExpStd_ExpFixedMinusOne.clean.jpg.chl.csv,DSC_0074,ES10_96,ES10_DMCC3830_isoRep4_techRep3_25fold_AG4632,DMCC3830,X.cf.venustula_DMCC3830_LA,isoRep4,techRep3,shaking,25fold,AG4632,WBExpStd_ExpFixedMinusOne,sample3,117.636