,No,ExpNo,FileCode,PhotoCode,ExtractionType,ExpCode,DAI,Host,HostVariety,Treatment,Condition,Dilution,techRepNumber,isoRepNumber,sampleNumber,ExposureTreatment,chl,ES5_digital_WBonly_T_tuk
1,1,ES5,DSC_0054.sample1.clean.jpg,NA,Digital,ES5_1,7DAI,Soybean,AG4632,control,Shaking,25fold,stemRep1,isolateRep1,sample1,WB_only,172.8,28.47104644
2,2,ES5,DSC_0054.sample2.clean.jpg,NA,Digital,ES5_1,7DAI,Soybean,AG4632,control,Shaking,25fold,stemRep1,isolateRep1,sample2,WB_only,211.5,32.46771623
3,3,ES5,DSC_0054.sample3.clean.jpg,NA,Digital,ES5_1,7DAI,Soybean,AG4632,control,Shaking,25fold,stemRep1,isolateRep1,sample3,WB_only,249,36.10185982
4,4,ES5,DSC_0255.sample1.clean.jpg,NA,Digital,ES5_2,7DAI,Soybean,AG4632,control,Shaking,25fold,stemRep2,isolateRep1,sample1,WB_only,185.2,29.78287636
5,5,ES5,DSC_0255.sample2.clean.jpg,NA,Digital,ES5_2,7DAI,Soybean,AG4632,control,Shaking,25fold,stemRep2,isolateRep1,sample2,WB_only,210.3,32.34785794
6,6,ES5,DSC_0255.sample3.clean.jpg,NA,Digital,ES5_2,7DAI,Soybean,AG4632,control,Shaking,25fold,stemRep2,isolateRep1,sample3,WB_only,214.2,32.73653075
7,7,ES5,DSC_0618.sample1.clean.jpg,NA,Digital,ES5_3,7DAI,Soybean,AG4632,control,Shaking,25fold,stemRep3,isolateRep1,sample1,WB_only,231.9,34.47033361
8,8,ES5,DSC_0618.sample2.clean.jpg,NA,Digital,ES5_3,7DAI,Soybean,AG4632,control,Shaking,25fold,stemRep3,isolateRep1,sample2,WB_only,193.1,30.60261073
9,9,ES5,DSC_0618.sample3.clean.jpg,NA,Digital,ES5_3,7DAI,Soybean,AG4632,control,Shaking,25fold,stemRep3,isolateRep1,sample3,WB_only,217.6,33.07335703
10,10,ES5,DSC_0173.sample1.clean.jpg,NA,Digital,ES5_4,7DAI,Soybean,AG4632,control,Stationary,25fold,stemRep1,isolateRep1,sample1,WB_only,176.3,28.84456561
11,11,ES5,DSC_0173.sample2.clean.jpg,NA,Digital,ES5_4,7DAI,Soybean,AG4632,control,Stationary,25fold,stemRep1,isolateRep1,sample2,WB_only,235.4,34.8076095
12,12,ES5,DSC_0173.sample3.clean.jpg,NA,Digital,ES5_4,7DAI,Soybean,AG4632,control,Stationary,25fold,stemRep1,isolateRep1,sample3,WB_only,248.8,36.08300881
13,13,ES5,DSC_0140.sample1.clean.jpg,NA,Digital,ES5_5,7DAI,Soybean,AG4632,control,Stationary,25fold,stemRep2,isolateRep1,sample1,WB_only,211.4,32.45773715
14,14,ES5,DSC_0140.sample2.clean.jpg,NA,Digital,ES5_5,7DAI,Soybean,AG4632,control,Stationary,25fold,stemRep2,isolateRep1,sample2,WB_only,261.3,37.25122992
15,15,ES5,DSC_0140.sample3.clean.jpg,NA,Digital,ES5_5,7DAI,Soybean,AG4632,control,Stationary,25fold,stemRep2,isolateRep1,sample3,WB_only,298.2,40.59102007
16,16,ES5,DSC_0629.sample1.clean.jpg,NA,Digital,ES5_6,7DAI,Soybean,AG4632,control,Stationary,25fold,stemRep3,isolateRep1,sample1,WB_only,178.1,29.03564966
17,17,ES5,DSC_0629.sample2.clean.jpg,NA,Digital,ES5_6,7DAI,Soybean,AG4632,control,Stationary,25fold,stemRep3,isolateRep1,sample2,WB_only,249.5,36.14896418
18,18,ES5,DSC_0629.sample3.clean.jpg,NA,Digital,ES5_6,7DAI,Soybean,AG4632,control,Stationary,25fold,stemRep3,isolateRep1,sample3,WB_only,303.7,41.0760917
19,19,ES5,DSC_0609.sample1.clean.jpg,NA,Digital,ES5_7,7DAI,Soybean,AG4632,control,Shaking,100fold,stemRep1,isolateRep1,sample1,WB_only,159.2,26.99373569
20,20,ES5,DSC_0609.sample2.clean.jpg,NA,Digital,ES5_7,7DAI,Soybean,AG4632,control,Shaking,100fold,stemRep1,isolateRep1,sample2,WB_only,204,31.71462706
21,21,ES5,DSC_0609.sample3.clean.jpg,NA,Digital,ES5_7,7DAI,Soybean,AG4632,control,Shaking,100fold,stemRep1,isolateRep1,sample3,WB_only,261.7,37.28828589
22,22,ES5,DSC_0142.sample1.clean.jpg,NA,Digital,ES5_8,7DAI,Soybean,AG4632,control,Shaking,100fold,stemRep2,isolateRep1,sample1,WB_only,201.8,31.49189213
23,23,ES5,DSC_0142.sample2.clean.jpg,NA,Digital,ES5_8,7DAI,Soybean,AG4632,control,Shaking,100fold,stemRep2,isolateRep1,sample2,WB_only,243.5,35.58150615
24,24,ES5,DSC_0142.sample3.clean.jpg,NA,Digital,ES5_8,7DAI,Soybean,AG4632,control,Shaking,100fold,stemRep2,isolateRep1,sample3,WB_only,254.7,36.63690803
25,25,ES5,DSC_0013.sample1.clean.jpg,NA,Digital,ES5_9,7DAI,Soybean,AG4632,control,Shaking,100fold,stemRep3,isolateRep1,sample1,WB_only,193.7,30.66438461
26,26,ES5,DSC_0013.sample2.clean.jpg,NA,Digital,ES5_9,7DAI,Soybean,AG4632,control,Shaking,100fold,stemRep3,isolateRep1,sample2,WB_only,104,20.46782384
27,27,ES5,DSC_0013.sample3.clean.jpg,NA,Digital,ES5_9,7DAI,Soybean,AG4632,control,Shaking,100fold,stemRep3,isolateRep1,sample3,WB_only,125.5,23.12695321
28,28,ES5,DSC_0614.sample1.clean.jpg,NA,Digital,ES5_10,7DAI,Soybean,AG4632,control,Stationary,100fold,stemRep1,isolateRep1,sample1,WB_only,198.1,31.11536566
29,29,ES5,DSC_0614.sample2.clean.jpg,NA,Digital,ES5_10,7DAI,Soybean,AG4632,control,Stationary,100fold,stemRep1,isolateRep1,sample2,WB_only,236.8,34.94202771
30,30,ES5,DSC_0614.sample3.clean.jpg,NA,Digital,ES5_10,7DAI,Soybean,AG4632,control,Stationary,100fold,stemRep1,isolateRep1,sample3,WB_only,289.5,39.81727817
31,31,ES5,DSC_0624.sample1.clean.jpg,NA,Digital,ES5_11,7DAI,Soybean,AG4632,control,Stationary,100fold,stemRep2,isolateRep1,sample1,WB_only,231.8,34.46067108
32,32,ES5,DSC_0624.sample2.clean.jpg,NA,Digital,ES5_11,7DAI,Soybean,AG4632,control,Stationary,100fold,stemRep2,isolateRep1,sample2,WB_only,251.2,36.30887249
33,33,ES5,DSC_0624.sample3.clean.jpg,NA,Digital,ES5_11,7DAI,Soybean,AG4632,control,Stationary,100fold,stemRep2,isolateRep1,sample3,WB_only,372.6,46.91458218
34,34,ES5,DSC_0193.sample1.clean.jpg,NA,Digital,ES5_12,7DAI,Soybean,AG4632,control,Stationary,100fold,stemRep3,isolateRep1,sample1,WB_only,225.3,33.82943735
35,35,ES5,DSC_0193.sample2.clean.jpg,NA,Digital,ES5_12,7DAI,Soybean,AG4632,control,Stationary,100fold,stemRep3,isolateRep1,sample2,WB_only,235.8,34.84604318
36,36,ES5,DSC_0193.sample3.clean.jpg,NA,Digital,ES5_12,7DAI,Soybean,AG4632,control,Stationary,100fold,stemRep3,isolateRep1,sample3,WB_only,270.8,38.12603384
37,37,ES5,DSC_0148.sample1.clean.jpg,NA,Digital,ES5_13,7DAI,Soybean,AG4632,DMCC2126,Shaking,25fold,stemRep1,isolateRep1,sample1,WB_only,93.3,19.07317829
38,38,ES5,DSC_0148.sample2.clean.jpg,NA,Digital,ES5_13,7DAI,Soybean,AG4632,DMCC2126,Shaking,25fold,stemRep1,isolateRep1,sample2,WB_only,93.7,19.1262899
39,39,ES5,DSC_0148.sample3.clean.jpg,NA,Digital,ES5_13,7DAI,Soybean,AG4632,DMCC2126,Shaking,25fold,stemRep1,isolateRep1,sample3,WB_only,95.8,19.40383535
40,40,ES5,DSC_0144.sample1.clean.jpg,NA,Digital,ES5_14,7DAI,Soybean,AG4632,DMCC2126,Shaking,25fold,stemRep2,isolateRep1,sample1,WB_only,131.5,23.83975234
41,41,ES5,DSC_0144.sample2.clean.jpg,NA,Digital,ES5_14,7DAI,Soybean,AG4632,DMCC2126,Shaking,25fold,stemRep2,isolateRep1,sample2,WB_only,130.7,23.74538043
42,42,ES5,DSC_0144.sample3.clean.jpg,NA,Digital,ES5_14,7DAI,Soybean,AG4632,DMCC2126,Shaking,25fold,stemRep2,isolateRep1,sample3,WB_only,140.8,24.92250694
43,43,ES5,DSC_0196.sample1.clean.jpg,NA,Digital,ES5_15,7DAI,Soybean,AG4632,DMCC2126,Shaking,25fold,stemRep3,isolateRep1,sample1,WB_only,81.8,17.51014117
44,44,ES5,DSC_0196.sample2.clean.jpg,NA,Digital,ES5_15,7DAI,Soybean,AG4632,DMCC2126,Shaking,25fold,stemRep3,isolateRep1,sample2,WB_only,66.5,15.30502592
45,45,ES5,DSC_0196.sample3.clean.jpg,NA,Digital,ES5_15,7DAI,Soybean,AG4632,DMCC2126,Shaking,25fold,stemRep3,isolateRep1,sample3,WB_only,83.6,17.75963682
46,46,ES5,DSC_0068.sample1.clean.jpg,NA,Digital,ES5_16,7DAI,Soybean,AG4632,DMCC2126,Stationary,25fold,stemRep1,isolateRep1,sample1,WB_only,36,10.27061916
47,47,ES5,DSC_0068.sample2.clean.jpg,NA,Digital,ES5_16,7DAI,Soybean,AG4632,DMCC2126,Stationary,25fold,stemRep1,isolateRep1,sample2,WB_only,39.4,10.89112002
48,48,ES5,DSC_0068.sample3.clean.jpg,NA,Digital,ES5_16,7DAI,Soybean,AG4632,DMCC2126,Stationary,25fold,stemRep1,isolateRep1,sample3,WB_only,53.1,13.22243494
49,49,ES5,DSC_0658.sample1.clean.jpg,NA,Digital,ES5_17,7DAI,Soybean,AG4632,DMCC2126,Stationary,25fold,stemRep2,isolateRep1,sample1,WB_only,85,17.95239113
50,50,ES5,DSC_0658.sample2.clean.jpg,NA,Digital,ES5_17,7DAI,Soybean,AG4632,DMCC2126,Stationary,25fold,stemRep2,isolateRep1,sample2,WB_only,75.8,16.66421974
51,51,ES5,DSC_0658.sample3.clean.jpg,NA,Digital,ES5_17,7DAI,Soybean,AG4632,DMCC2126,Stationary,25fold,stemRep2,isolateRep1,sample3,WB_only,57.6,13.94038006
52,52,ES5,DSC_0107.sample1.clean.jpg,NA,Digital,ES5_18,7DAI,Soybean,AG4632,DMCC2126,Stationary,25fold,stemRep3,isolateRep1,sample1,WB_only,235.3,34.79799751
53,53,ES5,DSC_0107.sample2.clean.jpg,NA,Digital,ES5_18,7DAI,Soybean,AG4632,DMCC2126,Stationary,25fold,stemRep3,isolateRep1,sample2,WB_only,252.9,36.46840247
54,54,ES5,DSC_0107.sample3.clean.jpg,NA,Digital,ES5_18,7DAI,Soybean,AG4632,DMCC2126,Stationary,25fold,stemRep3,isolateRep1,sample3,WB_only,277.2,38.70932487
55,55,ES5,DSC_0220.sample1.clean.jpg,NA,Digital,ES5_19,7DAI,Soybean,AG4632,DMCC2126,Shaking,100fold,stemRep1,isolateRep1,sample1,WB_only,49.9,12.69887811
56,56,ES5,DSC_0220.sample2.clean.jpg,NA,Digital,ES5_19,7DAI,Soybean,AG4632,DMCC2126,Shaking,100fold,stemRep1,isolateRep1,sample2,WB_only,48,12.38245631
57,57,ES5,DSC_0220.sample3.clean.jpg,NA,Digital,ES5_19,7DAI,Soybean,AG4632,DMCC2126,Shaking,100fold,stemRep1,isolateRep1,sample3,WB_only,84.5,17.88367879
58,58,ES5,NA,NA,Digital,ES5_20,7DAI,Soybean,AG4632,DMCC2126,Shaking,100fold,stemRep2,isolateRep1,sample1,WB_only,NA,NA
59,59,ES5,NA,NA,Digital,ES5_20,7DAI,Soybean,AG4632,DMCC2126,Shaking,100fold,stemRep2,isolateRep1,sample2,WB_only,NA,NA
60,60,ES5,NA,NA,Digital,ES5_20,7DAI,Soybean,AG4632,DMCC2126,Shaking,100fold,stemRep2,isolateRep1,sample3,WB_only,NA,NA
61,61,ES5,DSC_0128.sample1.clean.jpg,NA,Digital,ES5_21,7DAI,Soybean,AG4632,DMCC2126,Shaking,100fold,stemRep3,isolateRep1,sample1,WB_only,177.6,28.98263884
62,62,ES5,DSC_0128.sample2.clean.jpg,NA,Digital,ES5_21,7DAI,Soybean,AG4632,DMCC2126,Shaking,100fold,stemRep3,isolateRep1,sample2,WB_only,204.8,31.79541289
63,63,ES5,DSC_0128.sample3.clean.jpg,NA,Digital,ES5_21,7DAI,Soybean,AG4632,DMCC2126,Shaking,100fold,stemRep3,isolateRep1,sample3,WB_only,217.1,33.0239399
64,64,ES5,DSC_0235.sample1.clean.jpg,NA,Digital,ES5_22,7DAI,Soybean,AG4632,DMCC2126,Stationary,100fold,stemRep1,isolateRep1,sample1,WB_only,164.2,27.54181453
65,65,ES5,DSC_0235.sample2.clean.jpg,NA,Digital,ES5_22,7DAI,Soybean,AG4632,DMCC2126,Stationary,100fold,stemRep1,isolateRep1,sample2,WB_only,161.2,27.21368004
66,66,ES5,DSC_0235.sample3.clean.jpg,NA,Digital,ES5_22,7DAI,Soybean,AG4632,DMCC2126,Stationary,100fold,stemRep1,isolateRep1,sample3,WB_only,128.6,23.49668689
67,67,ES5,DSC_0660.sample1.clean.jpg,NA,Digital,ES5_23,7DAI,Soybean,AG4632,DMCC2126,Stationary,100fold,stemRep2,isolateRep1,sample1,WB_only,207.4,32.05720754
68,68,ES5,DSC_0660.sample2.clean.jpg,NA,Digital,ES5_23,7DAI,Soybean,AG4632,DMCC2126,Stationary,100fold,stemRep2,isolateRep1,sample2,WB_only,228.7,34.16040469
69,69,ES5,DSC_0660.sample3.clean.jpg,NA,Digital,ES5_23,7DAI,Soybean,AG4632,DMCC2126,Stationary,100fold,stemRep2,isolateRep1,sample3,WB_only,240.3,35.27686239
70,70,ES5,DSC_0070.sample1.clean.jpg,NA,Digital,ES5_24,7DAI,Soybean,AG4632,DMCC2126,Stationary,100fold,stemRep3,isolateRep1,sample1,WB_only,97.2,19.58768324
71,71,ES5,DSC_0070.sample2.clean.jpg,NA,Digital,ES5_24,7DAI,Soybean,AG4632,DMCC2126,Stationary,100fold,stemRep3,isolateRep1,sample2,WB_only,180,29.23661766
72,72,ES5,DSC_0070.sample3.clean.jpg,NA,Digital,ES5_24,7DAI,Soybean,AG4632,DMCC2126,Stationary,100fold,stemRep3,isolateRep1,sample3,WB_only,189.6,30.24091423
73,73,ES5,DSC_0647.sample1.clean.jpg,NA,Digital,ES5_25,7DAI,Soybean,AG4632,DMCC2127,Shaking,100fold,stemRep1,isolateRep1,sample1,WB_only,72.2,16.14541373
74,74,ES5,DSC_0647.sample2.clean.jpg,NA,Digital,ES5_25,7DAI,Soybean,AG4632,DMCC2127,Shaking,100fold,stemRep1,isolateRep1,sample2,WB_only,106,20.72281798
75,75,ES5,DSC_0647.sample3.clean.jpg,NA,Digital,ES5_25,7DAI,Soybean,AG4632,DMCC2127,Shaking,100fold,stemRep1,isolateRep1,sample3,WB_only,123.4,22.87467086
76,76,ES5,DSC_0049.sample1.clean.jpg,NA,Digital,ES5_26,7DAI,Soybean,AG4632,DMCC2127,Shaking,100fold,stemRep2,isolateRep1,sample1,WB_only,99,19.82270311
77,77,ES5,DSC_0049.sample2.clean.jpg,NA,Digital,ES5_26,7DAI,Soybean,AG4632,DMCC2127,Shaking,100fold,stemRep2,isolateRep1,sample2,WB_only,93.8,19.13955539
78,78,ES5,DSC_0049.sample3.clean.jpg,NA,Digital,ES5_26,7DAI,Soybean,AG4632,DMCC2127,Shaking,100fold,stemRep2,isolateRep1,sample3,WB_only,119.6,22.41430446
79,79,ES5,DSC_0132.sample1.clean.jpg,NA,Digital,ES5_27,7DAI,Soybean,AG4632,DMCC2127,Shaking,100fold,stemRep3,isolateRep1,sample1,WB_only,154,26.41730246
80,80,ES5,DSC_0132.sample2.clean.jpg,NA,Digital,ES5_27,7DAI,Soybean,AG4632,DMCC2127,Shaking,100fold,stemRep3,isolateRep1,sample2,WB_only,190.5,30.33414351
81,81,ES5,DSC_0132.sample3.clean.jpg,NA,Digital,ES5_27,7DAI,Soybean,AG4632,DMCC2127,Shaking,100fold,stemRep3,isolateRep1,sample3,WB_only,156.5,26.69527028
82,82,ES5,DSC_0645.sample1.clean.jpg,NA,Digital,ES5_28,7DAI,Soybean,AG4632,DMCC2127,Stationary,25fold,stemRep1,isolateRep1,sample1,WB_only,185.2,29.78287636
83,83,ES5,DSC_0645.sample2.clean.jpg,NA,Digital,ES5_28,7DAI,Soybean,AG4632,DMCC2127,Stationary,25fold,stemRep1,isolateRep1,sample2,WB_only,218,33.11286213
84,84,ES5,DSC_0645.sample3.clean.jpg,NA,Digital,ES5_28,7DAI,Soybean,AG4632,DMCC2127,Stationary,25fold,stemRep1,isolateRep1,sample3,WB_only,234.4,34.71142514
85,85,ES5,DSC_0052.sample1.clean.jpg,NA,Digital,ES5_29,7DAI,Soybean,AG4632,DMCC2127,Stationary,25fold,stemRep2,isolateRep1,sample1,WB_only,129.1,23.55602776
86,86,ES5,DSC_0052.sample2.clean.jpg,NA,Digital,ES5_29,7DAI,Soybean,AG4632,DMCC2127,Stationary,25fold,stemRep2,isolateRep1,sample2,WB_only,59.2,14.19087287
87,87,ES5,DSC_0052.sample3.clean.jpg,NA,Digital,ES5_29,7DAI,Soybean,AG4632,DMCC2127,Stationary,25fold,stemRep2,isolateRep1,sample3,WB_only,53.1,13.22243494
88,88,ES5,DSC_0093.sample1.clean.jpg,NA,Digital,ES5_30,7DAI,Soybean,AG4632,DMCC2127,Stationary,25fold,stemRep3,isolateRep1,sample1,WB_only,131.2,23.80438648
89,89,ES5,DSC_0093.sample2.clean.jpg,NA,Digital,ES5_30,7DAI,Soybean,AG4632,DMCC2127,Stationary,25fold,stemRep3,isolateRep1,sample2,WB_only,275.8,38.58213623
90,90,ES5,DSC_0093.sample3.clean.jpg,NA,Digital,ES5_30,7DAI,Soybean,AG4632,DMCC2127,Stationary,25fold,stemRep3,isolateRep1,sample3,WB_only,296,40.39611614
91,91,ES5,DSC_0134.sample1.clean.jpg,NA,Digital,ES5_31,7DAI,Soybean,AG4632,DMCC2127,Shaking,25fold,stemRep1,isolateRep1,sample1,WB_only,65,15.07973403
92,92,ES5,DSC_0134.sample2.clean.jpg,NA,Digital,ES5_31,7DAI,Soybean,AG4632,DMCC2127,Shaking,25fold,stemRep1,isolateRep1,sample2,WB_only,38.7,10.76495273
93,93,ES5,DSC_0134.sample3.clean.jpg,NA,Digital,ES5_31,7DAI,Soybean,AG4632,DMCC2127,Shaking,25fold,stemRep1,isolateRep1,sample3,WB_only,45.4,11.94225401
94,94,ES5,DSC_0643.sample1.clean.jpg,NA,Digital,ES5_32,7DAI,Soybean,AG4632,DMCC2127,Shaking,25fold,stemRep2,isolateRep1,sample1,WB_only,56.2,13.71919424
95,95,ES5,DSC_0643.sample2.clean.jpg,NA,Digital,ES5_32,7DAI,Soybean,AG4632,DMCC2127,Shaking,25fold,stemRep2,isolateRep1,sample2,WB_only,75.1,16.56402812
96,96,ES5,DSC_0643.sample3.clean.jpg,NA,Digital,ES5_32,7DAI,Soybean,AG4632,DMCC2127,Shaking,25fold,stemRep2,isolateRep1,sample3,WB_only,117.6,22.16995232
97,97,ES5,DSC_0212.sample1.clean.jpg,NA,Digital,ES5_33,7DAI,Soybean,AG4632,DMCC2127,Shaking,25fold,stemRep3,isolateRep1,sample1,WB_only,98.8,19.79666409
98,98,ES5,DSC_0212.sample2.clean.jpg,NA,Digital,ES5_33,7DAI,Soybean,AG4632,DMCC2127,Shaking,25fold,stemRep3,isolateRep1,sample2,WB_only,66.1,15.24512356
99,99,ES5,DSC_0212.sample3.clean.jpg,NA,Digital,ES5_33,7DAI,Soybean,AG4632,DMCC2127,Shaking,25fold,stemRep3,isolateRep1,sample3,WB_only,52.8,13.17382984
100,100,ES5,DSC_0631.sample1.clean.jpg,NA,Digital,ES5_34,7DAI,Soybean,AG4632,DMCC2127,Stationary,100fold,stemRep1,isolateRep1,sample1,WB_only,143,25.17493885
101,101,ES5,DSC_0631.sample2.clean.jpg,NA,Digital,ES5_34,7DAI,Soybean,AG4632,DMCC2127,Stationary,100fold,stemRep1,isolateRep1,sample2,WB_only,195.1,30.80826385
102,102,ES5,DSC_0631.sample3.clean.jpg,NA,Digital,ES5_34,7DAI,Soybean,AG4632,DMCC2127,Stationary,100fold,stemRep1,isolateRep1,sample3,WB_only,247.1,35.92256047
103,103,ES5,DSC_0024.sample1.clean.jpg,NA,Digital,ES5_35,7DAI,Soybean,AG4632,DMCC2127,Stationary,100fold,stemRep2,isolateRep1,sample1,WB_only,92.7,18.99336119
104,104,ES5,DSC_0024.sample2.clean.jpg,NA,Digital,ES5_35,7DAI,Soybean,AG4632,DMCC2127,Stationary,100fold,stemRep2,isolateRep1,sample2,WB_only,75,16.5496884
105,105,ES5,DSC_0024.sample3.clean.jpg,NA,Digital,ES5_35,7DAI,Soybean,AG4632,DMCC2127,Stationary,100fold,stemRep2,isolateRep1,sample3,WB_only,89.6,18.57805338
106,106,ES5,DSC_0248.sample1.clean.jpg,NA,Digital,ES5_36,7DAI,Soybean,AG4632,DMCC2127,Stationary,100fold,stemRep3,isolateRep1,sample1,WB_only,97,19.56147628
107,107,ES5,DSC_0248.sample2.clean.jpg,NA,Digital,ES5_36,7DAI,Soybean,AG4632,DMCC2127,Stationary,100fold,stemRep3,isolateRep1,sample2,WB_only,90.6,18.71256528
108,108,ES5,DSC_0248.sample3.clean.jpg,NA,Digital,ES5_36,7DAI,Soybean,AG4632,DMCC2127,Stationary,100fold,stemRep3,isolateRep1,sample3,WB_only,120.7,22.54808823
109,109,ES5,DSC_0109.sample1.clean.jpg,NA,Digital,ES5_37,7DAI,Soybean,AG4632,DMCC2165,Shaking,25fold,stemRep1,isolateRep1,sample1,WB_only,95.2,19.32475588
110,110,ES5,DSC_0109.sample2.clean.jpg,NA,Digital,ES5_37,7DAI,Soybean,AG4632,DMCC2165,Shaking,25fold,stemRep1,isolateRep1,sample2,WB_only,58.4,14.06592672
111,111,ES5,DSC_0109.sample3.clean.jpg,NA,Digital,ES5_37,7DAI,Soybean,AG4632,DMCC2165,Shaking,25fold,stemRep1,isolateRep1,sample3,WB_only,92.6,18.98004079
112,112,ES5,DSC_0072.sample1.clean.jpg,NA,Digital,ES5_38,7DAI,Soybean,AG4632,DMCC2165,Shaking,25fold,stemRep2,isolateRep1,sample1,WB_only,53.9,13.35158108
113,113,ES5,DSC_0072.sample2.clean.jpg,NA,Digital,ES5_38,7DAI,Soybean,AG4632,DMCC2165,Shaking,25fold,stemRep2,isolateRep1,sample2,WB_only,52.4,13.10887241
114,114,ES5,DSC_0072.sample3.clean.jpg,NA,Digital,ES5_38,7DAI,Soybean,AG4632,DMCC2165,Shaking,25fold,stemRep2,isolateRep1,sample3,WB_only,86.2,18.11672628
115,115,ES5,DSC_0652.sample1.clean.jpg,NA,Digital,ES5_39,7DAI,Soybean,AG4632,DMCC2165,Shaking,25fold,stemRep3,isolateRep1,sample1,WB_only,94,19.16607154
116,116,ES5,DSC_0652.sample2.clean.jpg,NA,Digital,ES5_39,7DAI,Soybean,AG4632,DMCC2165,Shaking,25fold,stemRep3,isolateRep1,sample2,WB_only,62.6,14.71544218
117,117,ES5,DSC_0652.sample3.clean.jpg,NA,Digital,ES5_39,7DAI,Soybean,AG4632,DMCC2165,Shaking,25fold,stemRep3,isolateRep1,sample3,WB_only,77.9,16.96287054
118,118,ES5,DSC_0061.sample1.clean.jpg,NA,Digital,ES5_40,7DAI,Soybean,AG4632,DMCC2165,Stationary,25fold,stemRep1,isolateRep1,sample1,WB_only,74.4,16.4635091
119,119,ES5,DSC_0061.sample2.clean.jpg,NA,Digital,ES5_40,7DAI,Soybean,AG4632,DMCC2165,Stationary,25fold,stemRep1,isolateRep1,sample2,WB_only,77.3,16.87783244
120,120,ES5,DSC_0061.sample3.clean.jpg,NA,Digital,ES5_40,7DAI,Soybean,AG4632,DMCC2165,Stationary,25fold,stemRep1,isolateRep1,sample3,WB_only,70.6,15.91193719
121,121,ES5,DSC_0098.sample1.clean.jpg,NA,Digital,ES5_41,7DAI,Soybean,AG4632,DMCC2165,Stationary,25fold,stemRep2,isolateRep1,sample1,WB_only,187.3,30.001955
122,122,ES5,DSC_0098.sample1.clean.jpg,NA,Digital,ES5_41,7DAI,Soybean,AG4632,DMCC2165,Stationary,25fold,stemRep2,isolateRep1,sample2,WB_only,187.3,30.001955
123,123,ES5,DSC_0098.sample1.clean.jpg,NA,Digital,ES5_41,7DAI,Soybean,AG4632,DMCC2165,Stationary,25fold,stemRep2,isolateRep1,sample3,WB_only,187.3,30.001955
124,124,ES5,DSC_0239.sample1.clean.jpg,NA,Digital,ES5_42,7DAI,Soybean,AG4632,DMCC2165,Stationary,25fold,stemRep3,isolateRep1,sample1,WB_only,117.7,22.1822043
125,125,ES5,DSC_0239.sample2.clean.jpg,NA,Digital,ES5_42,7DAI,Soybean,AG4632,DMCC2165,Stationary,25fold,stemRep3,isolateRep1,sample2,WB_only,96.1,19.44331007
126,126,ES5,DSC_0239.sample3.clean.jpg,NA,Digital,ES5_42,7DAI,Soybean,AG4632,DMCC2165,Stationary,25fold,stemRep3,isolateRep1,sample3,WB_only,82.8,17.64898439
127,127,ES5,DSC_0124.sample1.clean.jpg,NA,Digital,ES5_43,7DAI,Soybean,AG4632,DMCC2165,Shaking,100fold,stemRep1,isolateRep1,sample1,WB_only,156.3,26.67309033
128,128,ES5,DSC_0124.sample2.clean.jpg,NA,Digital,ES5_43,7DAI,Soybean,AG4632,DMCC2165,Shaking,100fold,stemRep1,isolateRep1,sample2,WB_only,191.9,30.47886102
129,129,ES5,DSC_0124.sample3.clean.jpg,NA,Digital,ES5_43,7DAI,Soybean,AG4632,DMCC2165,Shaking,100fold,stemRep1,isolateRep1,sample3,WB_only,214.3,32.74646399
130,130,ES5,DSC_0152.sample1.clean.jpg,NA,Digital,ES5_44,7DAI,Soybean,AG4632,DMCC2165,Shaking,100fold,stemRep2,isolateRep1,sample1,WB_only,80.1,17.27273601
131,131,ES5,DSC_0152.sample2.clean.jpg,NA,Digital,ES5_44,7DAI,Soybean,AG4632,DMCC2165,Shaking,100fold,stemRep2,isolateRep1,sample2,WB_only,68.3,15.57304209
132,132,ES5,DSC_0152.sample3.clean.jpg,NA,Digital,ES5_44,7DAI,Soybean,AG4632,DMCC2165,Shaking,100fold,stemRep2,isolateRep1,sample3,WB_only,106.3,20.76092129
133,133,ES5,DSC_0655.sample1.clean.jpg,NA,Digital,ES5_45,7DAI,Soybean,AG4632,DMCC2165,Shaking,100fold,stemRep3,isolateRep1,sample1,WB_only,224,33.70242973
134,134,ES5,DSC_0655.sample2.clean.jpg,NA,Digital,ES5_45,7DAI,Soybean,AG4632,DMCC2165,Shaking,100fold,stemRep3,isolateRep1,sample2,WB_only,141,24.94551206
135,135,ES5,DSC_0655.sample3.clean.jpg,NA,Digital,ES5_45,7DAI,Soybean,AG4632,DMCC2165,Shaking,100fold,stemRep3,isolateRep1,sample3,WB_only,262.1,37.32532205
136,136,ES5,DSC_0007.sample1.clean.jpg,NA,Digital,ES5_46,7DAI,Soybean,AG4632,DMCC2165,Stationary,100fold,stemRep1,isolateRep1,sample1,WB_only,189.2,30.1994293
137,137,ES5,DSC_0007.sample2.clean.jpg,NA,Digital,ES5_46,7DAI,Soybean,AG4632,DMCC2165,Stationary,100fold,stemRep1,isolateRep1,sample2,WB_only,259.8,37.11209279
138,138,ES5,DSC_0007.sample3.clean.jpg,NA,Digital,ES5_46,7DAI,Soybean,AG4632,DMCC2165,Stationary,100fold,stemRep1,isolateRep1,sample3,WB_only,279.9,38.95398422
139,139,ES5,DSC_0225.sample1.clean.jpg,NA,Digital,ES5_47,7DAI,Soybean,AG4632,DMCC2165,Stationary,100fold,stemRep2,isolateRep1,sample1,WB_only,100,19.95262315
140,140,ES5,DSC_0225.sample2.clean.jpg,NA,Digital,ES5_47,7DAI,Soybean,AG4632,DMCC2165,Stationary,100fold,stemRep2,isolateRep1,sample2,WB_only,104.4,20.51895902
141,141,ES5,DSC_0225.sample3.clean.jpg,NA,Digital,ES5_47,7DAI,Soybean,AG4632,DMCC2165,Stationary,100fold,stemRep2,isolateRep1,sample3,WB_only,103,20.33968375
142,142,ES5,DSC_0240.sample1.clean.jpg,NA,Digital,ES5_48,7DAI,Soybean,AG4632,DMCC2165,Stationary,100fold,stemRep3,isolateRep1,sample1,WB_only,198.5,31.15618918
143,143,ES5,DSC_0240.sample2.clean.jpg,NA,Digital,ES5_48,7DAI,Soybean,AG4632,DMCC2165,Stationary,100fold,stemRep3,isolateRep1,sample2,WB_only,204.2,31.7348339
144,144,ES5,DSC_0240.sample3.clean.jpg,NA,Digital,ES5_48,7DAI,Soybean,AG4632,DMCC2165,Stationary,100fold,stemRep3,isolateRep1,sample3,WB_only,217.3,33.04371153
145,145,ES5,DSC_0620.sample1.clean.jpg,NA,Digital,ES5_49,7DAI,Soybean,AG4632,control,Shaking,25fold,stemRep1,isolateRep2,sample1,WB_only,108.7,21.06440536
146,146,ES5,DSC_0620.sample2.clean.jpg,NA,Digital,ES5_49,7DAI,Soybean,AG4632,control,Shaking,25fold,stemRep1,isolateRep2,sample2,WB_only,143.7,25.25497246
147,147,ES5,DSC_0620.sample3.clean.jpg,NA,Digital,ES5_49,7DAI,Soybean,AG4632,control,Shaking,25fold,stemRep1,isolateRep2,sample3,WB_only,58.8,14.12847417
148,148,ES5,DSC_0216.sample1.clean.jpg,NA,Digital,ES5_50,7DAI,Soybean,AG4632,control,Shaking,25fold,stemRep2,isolateRep2,sample1,WB_only,44,11.70157282
149,149,ES5,DSC_0216.sample2.clean.jpg,NA,Digital,ES5_50,7DAI,Soybean,AG4632,control,Shaking,25fold,stemRep2,isolateRep2,sample2,WB_only,58.9,14.14408774
150,150,ES5,DSC_0216.sample3.clean.jpg,NA,Digital,ES5_50,7DAI,Soybean,AG4632,control,Shaking,25fold,stemRep2,isolateRep2,sample3,WB_only,63.7,14.88300512
151,151,ES5,DSC_0610.sample1.clean.jpg,NA,Digital,ES5_51,7DAI,Soybean,AG4632,control,Shaking,25fold,stemRep3,isolateRep2,sample1,WB_only,124.7,23.03102118
152,152,ES5,DSC_0610.sample2.clean.jpg,NA,Digital,ES5_51,7DAI,Soybean,AG4632,control,Shaking,25fold,stemRep3,isolateRep2,sample2,WB_only,174.8,28.68480675
153,153,ES5,DSC_0610.sample3.clean.jpg,NA,Digital,ES5_51,7DAI,Soybean,AG4632,control,Shaking,25fold,stemRep3,isolateRep2,sample3,WB_only,201.1,31.42084396
154,154,ES5,NA,NA,Digital,ES5_52,7DAI,Soybean,AG4632,control,Stationary,25fold,stemRep1,isolateRep2,sample1,WB_only,NA,NA
155,155,ES5,NA,NA,Digital,ES5_52,7DAI,Soybean,AG4632,control,Stationary,25fold,stemRep1,isolateRep2,sample2,WB_only,NA,NA
156,156,ES5,NA,NA,Digital,ES5_52,7DAI,Soybean,AG4632,control,Stationary,25fold,stemRep1,isolateRep2,sample3,WB_only,NA,NA
157,157,ES5,DSC_0612.sample1.clean.jpg,NA,Digital,ES5_53,7DAI,Soybean,AG4632,control,Stationary,25fold,stemRep2,isolateRep2,sample1,WB_only,208.9,32.2077203
158,158,ES5,DSC_0612.sample2.clean.jpg,NA,Digital,ES5_53,7DAI,Soybean,AG4632,control,Stationary,25fold,stemRep2,isolateRep2,sample2,WB_only,219,33.21151404
159,159,ES5,DSC_0612.sample3.clean.jpg,NA,Digital,ES5_53,7DAI,Soybean,AG4632,control,Stationary,25fold,stemRep2,isolateRep2,sample3,WB_only,262.6,37.37158944
160,160,ES5,DSC_0188.sample1.clean.jpg,NA,Digital,ES5_54,7DAI,Soybean,AG4632,control,Stationary,25fold,stemRep3,isolateRep2,sample1,WB_only,111.9,21.46542819
161,161,ES5,DSC_0188.sample2.clean.jpg,NA,Digital,ES5_54,7DAI,Soybean,AG4632,control,Stationary,25fold,stemRep3,isolateRep2,sample2,WB_only,128.5,23.48480903
162,162,ES5,DSC_0188.sample3.clean.jpg,NA,Digital,ES5_54,7DAI,Soybean,AG4632,control,Stationary,25fold,stemRep3,isolateRep2,sample3,WB_only,138.7,24.68025825
163,163,ES5,DSC_0138.sample1.clean.jpg,NA,Digital,ES5_55,7DAI,Soybean,AG4632,control,Shaking,100fold,stemRep1,isolateRep2,sample1,WB_only,155.7,26.6064908
164,164,ES5,DSC_0138.sample2.clean.jpg,NA,Digital,ES5_55,7DAI,Soybean,AG4632,control,Shaking,100fold,stemRep1,isolateRep2,sample2,WB_only,235.9,34.85564804
165,165,ES5,DSC_0138.sample3.clean.jpg,NA,Digital,ES5_55,7DAI,Soybean,AG4632,control,Shaking,100fold,stemRep1,isolateRep2,sample3,WB_only,275.8,38.58213623
166,166,ES5,DSC_0218.sample1.clean.jpg,NA,Digital,ES5_56,7DAI,Soybean,AG4632,control,Shaking,100fold,stemRep2,isolateRep2,sample1,WB_only,164,27.52000454
167,167,ES5,DSC_0218.sample2.clean.jpg,NA,Digital,ES5_56,7DAI,Soybean,AG4632,control,Shaking,100fold,stemRep2,isolateRep2,sample2,WB_only,180.1,29.2471743
168,168,ES5,DSC_0218.sample3.clean.jpg,NA,Digital,ES5_56,7DAI,Soybean,AG4632,control,Shaking,100fold,stemRep2,isolateRep2,sample3,WB_only,250.8,36.27128117
169,169,ES5,DSC_0039.sample1.clean.jpg,NA,Digital,ES5_57,7DAI,Soybean,AG4632,control,Shaking,100fold,stemRep3,isolateRep2,sample1,WB_only,117.5,22.1576967
170,170,ES5,DSC_0039.sample2.clean.jpg,NA,Digital,ES5_57,7DAI,Soybean,AG4632,control,Shaking,100fold,stemRep3,isolateRep2,sample2,WB_only,117.5,22.1576967
171,171,ES5,DSC_0039.sample3.clean.jpg,NA,Digital,ES5_57,7DAI,Soybean,AG4632,control,Shaking,100fold,stemRep3,isolateRep2,sample3,WB_only,241.8,35.41983981
172,172,ES5,DSC_0253.sample1.clean.jpg,NA,Digital,ES5_58,7DAI,Soybean,AG4632,control,Stationary,100fold,stemRep1,isolateRep2,sample1,WB_only,230,34.2864952
173,173,ES5,DSC_0253.sample2.clean.jpg,NA,Digital,ES5_58,7DAI,Soybean,AG4632,control,Stationary,100fold,stemRep1,isolateRep2,sample2,WB_only,243.2,35.55300557
174,174,ES5,DSC_0253.sample3.clean.jpg,NA,Digital,ES5_58,7DAI,Soybean,AG4632,control,Stationary,100fold,stemRep1,isolateRep2,sample3,WB_only,255.2,36.68364108
175,175,ES5,DSC_0033.sample1.clean.jpg,NA,Digital,ES5_59,7DAI,Soybean,AG4632,control,Stationary,100fold,stemRep2,isolateRep2,sample1,WB_only,249.7,36.16779667
176,176,ES5,DSC_0033.sample2.clean.jpg,NA,Digital,ES5_59,7DAI,Soybean,AG4632,control,Stationary,100fold,stemRep2,isolateRep2,sample2,WB_only,232.9,34.56687885
177,177,ES5,DSC_0033.sample3.clean.jpg,NA,Digital,ES5_59,7DAI,Soybean,AG4632,control,Stationary,100fold,stemRep2,isolateRep2,sample3,WB_only,192.5,30.54076962
178,178,ES5,DSC_0017.sample1.clean.jpg,NA,Digital,ES5_60,7DAI,Soybean,AG4632,control,Stationary,100fold,stemRep3,isolateRep2,sample1,WB_only,185.5,29.81422633
179,179,ES5,DSC_0017.sample2.clean.jpg,NA,Digital,ES5_60,7DAI,Soybean,AG4632,control,Stationary,100fold,stemRep3,isolateRep2,sample2,WB_only,234.1,34.68254184
180,180,ES5,DSC_0017.sample3.clean.jpg,NA,Digital,ES5_60,7DAI,Soybean,AG4632,control,Stationary,100fold,stemRep3,isolateRep2,sample3,WB_only,247.8,35.98867408
181,181,ES5,DSC_0118.sample1.clean.jpg,NA,Digital,ES5_61,7DAI,Soybean,AG4632,DMCC2126,Shaking,25fold,stemRep1,isolateRep2,sample1,WB_only,40.4,11.07000679
182,182,ES5,DSC_0118.sample2.clean.jpg,NA,Digital,ES5_61,7DAI,Soybean,AG4632,DMCC2126,Shaking,25fold,stemRep1,isolateRep2,sample2,WB_only,44.6,11.80504531
183,183,ES5,DSC_0118.sample3.clean.jpg,NA,Digital,ES5_61,7DAI,Soybean,AG4632,DMCC2126,Shaking,25fold,stemRep1,isolateRep2,sample3,WB_only,52.4,13.10887241
184,184,ES5,DSC_0111.sample1.clean.jpg,NA,Digital,ES5_62,7DAI,Soybean,AG4632,DMCC2126,Shaking,25fold,stemRep2,isolateRep2,sample1,WB_only,61.3,14.51607851
185,185,ES5,DSC_0111.sample2.clean.jpg,NA,Digital,ES5_62,7DAI,Soybean,AG4632,DMCC2126,Shaking,25fold,stemRep2,isolateRep2,sample2,WB_only,62.4,14.68486584
186,186,ES5,DSC_0111.sample3.clean.jpg,NA,Digital,ES5_62,7DAI,Soybean,AG4632,DMCC2126,Shaking,25fold,stemRep2,isolateRep2,sample3,WB_only,85.6,18.0346595
187,187,ES5,DSC_0200.sample1.clean.jpg,NA,Digital,ES5_63,7DAI,Soybean,AG4632,DMCC2126,Shaking,25fold,stemRep3,isolateRep2,sample1,WB_only,59.5,14.23757509
188,188,ES5,DSC_0200.sample2.clean.jpg,NA,Digital,ES5_63,7DAI,Soybean,AG4632,DMCC2126,Shaking,25fold,stemRep3,isolateRep2,sample2,WB_only,61.4,14.53146637
189,189,ES5,DSC_0200.sample3.clean.jpg,NA,Digital,ES5_63,7DAI,Soybean,AG4632,DMCC2126,Shaking,25fold,stemRep3,isolateRep2,sample3,WB_only,97,19.56147628
190,190,ES5,DSC_0195.sample1.clean.jpg,NA,Digital,ES5_64,7DAI,Soybean,AG4632,DMCC2126,Stationary,25fold,stemRep1,isolateRep2,sample1,WB_only,159.1,26.98271317
191,191,ES5,DSC_0195.sample2.clean.jpg,NA,Digital,ES5_64,7DAI,Soybean,AG4632,DMCC2126,Stationary,25fold,stemRep1,isolateRep2,sample2,WB_only,259,37.03777138
192,192,ES5,DSC_0195.sample3.clean.jpg,NA,Digital,ES5_64,7DAI,Soybean,AG4632,DMCC2126,Stationary,25fold,stemRep1,isolateRep2,sample3,WB_only,263.3,37.43631203
193,193,ES5,DSC_0131.sample1.clean.jpg,NA,Digital,ES5_65,7DAI,Soybean,AG4632,DMCC2126,Stationary,25fold,stemRep2,isolateRep2,sample1,WB_only,50.6,12.81438701
194,194,ES5,DSC_0131.sample2.clean.jpg,NA,Digital,ES5_65,7DAI,Soybean,AG4632,DMCC2126,Stationary,25fold,stemRep2,isolateRep2,sample2,WB_only,49.3,12.59941838
195,195,ES5,DSC_0131.sample3.clean.jpg,NA,Digital,ES5_65,7DAI,Soybean,AG4632,DMCC2126,Stationary,25fold,stemRep2,isolateRep2,sample3,WB_only,63.7,14.88300512
196,196,ES5,DSC_0005.sample1.clean.jpg,NA,Digital,ES5_66,7DAI,Soybean,AG4632,DMCC2126,Stationary,25fold,stemRep3,isolateRep2,sample1,WB_only,187.4,30.01236581
197,197,ES5,DSC_0005.sample2.clean.jpg,NA,Digital,ES5_66,7DAI,Soybean,AG4632,DMCC2126,Stationary,25fold,stemRep3,isolateRep2,sample2,WB_only,188.7,30.14752994
198,198,ES5,DSC_0005.sample3.clean.jpg,NA,Digital,ES5_66,7DAI,Soybean,AG4632,DMCC2126,Stationary,25fold,stemRep3,isolateRep2,sample3,WB_only,148.3,25.77755654
199,199,ES5,DSC_0146.sample1.clean.jpg,NA,Digital,ES5_67,7DAI,Soybean,AG4632,DMCC2126,Shaking,100fold,stemRep1,isolateRep2,sample1,WB_only,232.6,34.53793054
200,200,ES5,DSC_0146.sample2.clean.jpg,NA,Digital,ES5_67,7DAI,Soybean,AG4632,DMCC2126,Shaking,100fold,stemRep1,isolateRep2,sample2,WB_only,255.3,36.69298384
201,201,ES5,DSC_0146.sample3.clean.jpg,NA,Digital,ES5_67,7DAI,Soybean,AG4632,DMCC2126,Shaking,100fold,stemRep1,isolateRep2,sample3,WB_only,270.4,38.08941887
202,202,ES5,DSC_0204.sample1.clean.jpg,NA,Digital,ES5_68,7DAI,Soybean,AG4632,DMCC2126,Shaking,100fold,stemRep2,isolateRep2,sample1,WB_only,156.9,26.73960043
203,203,ES5,DSC_0204.sample2.clean.jpg,NA,Digital,ES5_68,7DAI,Soybean,AG4632,DMCC2126,Shaking,100fold,stemRep2,isolateRep2,sample2,WB_only,88,18.36173591
204,204,ES5,DSC_0204.sample3.clean.jpg,NA,Digital,ES5_68,7DAI,Soybean,AG4632,DMCC2126,Shaking,100fold,stemRep2,isolateRep2,sample3,WB_only,133,24.01615991
205,205,ES5,DSC_0662.sample1.clean.jpg,NA,Digital,ES5_69,7DAI,Soybean,AG4632,DMCC2126,Shaking,100fold,stemRep3,isolateRep2,sample1,WB_only,168.4,27.99770006
206,206,ES5,DSC_0662.sample2.clean.jpg,NA,Digital,ES5_69,7DAI,Soybean,AG4632,DMCC2126,Shaking,100fold,stemRep3,isolateRep2,sample2,WB_only,243.4,35.57200732
207,207,ES5,DSC_0662.sample3.clean.jpg,NA,Digital,ES5_69,7DAI,Soybean,AG4632,DMCC2126,Shaking,100fold,stemRep3,isolateRep2,sample3,WB_only,263.9,37.49174061
208,208,ES5,DSC_0231.sample1.clean.jpg,NA,Digital,ES5_70,7DAI,Soybean,AG4632,DMCC2126,Stationary,100fold,stemRep1,isolateRep2,sample1,WB_only,178.8,29.1097774
209,209,ES5,DSC_0231.sample2.clean.jpg,NA,Digital,ES5_70,7DAI,Soybean,AG4632,DMCC2126,Stationary,100fold,stemRep1,isolateRep2,sample2,WB_only,232.9,34.56687885
210,210,ES5,DSC_0231.sample3.clean.jpg,NA,Digital,ES5_70,7DAI,Soybean,AG4632,DMCC2126,Stationary,100fold,stemRep1,isolateRep2,sample3,WB_only,264.4,37.53789741
211,211,ES5,DSC_0161.sample1.clean.jpg,NA,Digital,ES5_71,7DAI,Soybean,AG4632,DMCC2126,Stationary,100fold,stemRep2,isolateRep2,sample1,WB_only,169.9,28.15954909
212,212,ES5,DSC_0161.sample2.clean.jpg,NA,Digital,ES5_71,7DAI,Soybean,AG4632,DMCC2126,Stationary,100fold,stemRep2,isolateRep2,sample2,WB_only,192.3,30.52014093
213,213,ES5,DSC_0161.sample3.clean.jpg,NA,Digital,ES5_71,7DAI,Soybean,AG4632,DMCC2126,Stationary,100fold,stemRep2,isolateRep2,sample3,WB_only,252,36.38399233
214,214,ES5,DSC_0664.sample1.clean.jpg,NA,Digital,ES5_72,7DAI,Soybean,AG4632,DMCC2126,Stationary,100fold,stemRep3,isolateRep2,sample1,WB_only,137.5,24.54125419
215,215,ES5,DSC_0664.sample2.clean.jpg,NA,Digital,ES5_72,7DAI,Soybean,AG4632,DMCC2126,Stationary,100fold,stemRep3,isolateRep2,sample2,WB_only,210.9,32.40781693
216,216,ES5,DSC_0664.sample3.clean.jpg,NA,Digital,ES5_72,7DAI,Soybean,AG4632,DMCC2126,Stationary,100fold,stemRep3,isolateRep2,sample3,WB_only,247.5,35.96034769
217,217,ES5,DSC_0087.sample1.clean.jpg,NA,Digital,ES5_73,7DAI,Soybean,AG4632,DMCC2127,Shaking,100fold,stemRep1,isolateRep2,sample1,WB_only,37.1,10.47352904
218,218,ES5,DSC_0087.sample2.clean.jpg,NA,Digital,ES5_73,7DAI,Soybean,AG4632,DMCC2127,Shaking,100fold,stemRep1,isolateRep2,sample2,WB_only,92.3,18.94004932
219,219,ES5,DSC_0087.sample3.clean.jpg,NA,Digital,ES5_73,7DAI,Soybean,AG4632,DMCC2127,Shaking,100fold,stemRep1,isolateRep2,sample3,WB_only,150.3,26.0029929
220,220,ES5,DSC_0105.sample1.clean.jpg,NA,Digital,ES5_74,7DAI,Soybean,AG4632,DMCC2127,Shaking,100fold,stemRep2,isolateRep2,sample1,WB_only,85.8,18.0620374
221,221,ES5,DSC_0105.sample2.clean.jpg,NA,Digital,ES5_74,7DAI,Soybean,AG4632,DMCC2127,Shaking,100fold,stemRep2,isolateRep2,sample2,WB_only,42.3,11.40568147
222,222,ES5,DSC_0105.sample3.clean.jpg,NA,Digital,ES5_74,7DAI,Soybean,AG4632,DMCC2127,Shaking,100fold,stemRep2,isolateRep2,sample3,WB_only,77.4,16.89202146
223,223,ES5,DSC_0136.sample1.clean.jpg,NA,Digital,ES5_75,7DAI,Soybean,AG4632,DMCC2127,Shaking,100fold,stemRep3,isolateRep2,sample1,WB_only,62.7,14.73071752
224,224,ES5,DSC_0136.sample2.clean.jpg,NA,Digital,ES5_75,7DAI,Soybean,AG4632,DMCC2127,Shaking,100fold,stemRep3,isolateRep2,sample2,WB_only,73.5,16.33378258
225,225,ES5,DSC_0136.sample3.clean.jpg,NA,Digital,ES5_75,7DAI,Soybean,AG4632,DMCC2127,Shaking,100fold,stemRep3,isolateRep2,sample3,WB_only,113.5,21.66443214
226,226,ES5,DSC_0633.sample1.clean.jpg,NA,Digital,ES5_76,7DAI,Soybean,AG4632,DMCC2127,Stationary,25fold,stemRep1,isolateRep2,sample1,WB_only,124.3,22.98297442
227,227,ES5,DSC_0633.sample2.clean.jpg,NA,Digital,ES5_76,7DAI,Soybean,AG4632,DMCC2127,Stationary,25fold,stemRep1,isolateRep2,sample2,WB_only,138.8,24.69182288
228,228,ES5,DSC_0633.sample3.clean.jpg,NA,Digital,ES5_76,7DAI,Soybean,AG4632,DMCC2127,Stationary,25fold,stemRep1,isolateRep2,sample3,WB_only,132.3,23.93392351
229,229,ES5,DSC_0019.sample1.clean.jpg,NA,Digital,ES5_77,7DAI,Soybean,AG4632,DMCC2127,Stationary,25fold,stemRep2,isolateRep2,sample1,WB_only,79.1,17.13226227
230,230,ES5,DSC_0019.sample2.clean.jpg,NA,Digital,ES5_77,7DAI,Soybean,AG4632,DMCC2127,Stationary,25fold,stemRep2,isolateRep2,sample2,WB_only,77,16.8352268
231,231,ES5,DSC_0019.sample3.clean.jpg,NA,Digital,ES5_77,7DAI,Soybean,AG4632,DMCC2127,Stationary,25fold,stemRep2,isolateRep2,sample3,WB_only,71,15.97047843
232,232,ES5,DSC_0177.sample1.clean.jpg,NA,Digital,ES5_78,7DAI,Soybean,AG4632,DMCC2127,Stationary,25fold,stemRep3,isolateRep2,sample1,WB_only,188.2,30.09558242
233,233,ES5,DSC_0177.sample2.clean.jpg,NA,Digital,ES5_78,7DAI,Soybean,AG4632,DMCC2127,Stationary,25fold,stemRep3,isolateRep2,sample2,WB_only,222,33.50652843
234,234,ES5,DSC_0177.sample3.clean.jpg,NA,Digital,ES5_78,7DAI,Soybean,AG4632,DMCC2127,Stationary,25fold,stemRep3,isolateRep2,sample3,WB_only,203.8,31.69441329
235,235,ES5,DSC_0080.sample1.clean.jpg,NA,Digital,ES5_79,7DAI,Soybean,AG4632,DMCC2127,Shaking,25fold,stemRep1,isolateRep2,sample1,WB_only,35.2,10.12168299
236,236,ES5,DSC_0080.sample2.clean.jpg,NA,Digital,ES5_79,7DAI,Soybean,AG4632,DMCC2127,Shaking,25fold,stemRep1,isolateRep2,sample2,WB_only,37.4,10.52850097
237,237,ES5,DSC_0080.sample3.clean.jpg,NA,Digital,ES5_79,7DAI,Soybean,AG4632,DMCC2127,Shaking,25fold,stemRep1,isolateRep2,sample3,WB_only,54.3,13.41590237
238,238,ES5,DSC_0028.sample1.clean.jpg,NA,Digital,ES5_80,7DAI,Soybean,AG4632,DMCC2127,Shaking,25fold,stemRep2,isolateRep2,sample1,WB_only,100.3,19.99151037
239,239,ES5,DSC_0028.sample1.clean.jpg,NA,Digital,ES5_80,7DAI,Soybean,AG4632,DMCC2127,Shaking,25fold,stemRep2,isolateRep2,sample2,WB_only,100.3,19.99151037
240,240,ES5,DSC_0028.sample1.clean.jpg,NA,Digital,ES5_80,7DAI,Soybean,AG4632,DMCC2127,Shaking,25fold,stemRep2,isolateRep2,sample3,WB_only,100.3,19.99151037
241,241,ES5,DSC_0242.sample1.clean.jpg,NA,Digital,ES5_81,7DAI,Soybean,AG4632,DMCC2127,Shaking,25fold,stemRep3,isolateRep2,sample1,WB_only,63.2,14.80696674
242,242,ES5,DSC_0242.sample2.clean.jpg,NA,Digital,ES5_81,7DAI,Soybean,AG4632,DMCC2127,Shaking,25fold,stemRep3,isolateRep2,sample2,WB_only,64.5,15.00423351
243,243,ES5,DSC_0242.sample3.clean.jpg,NA,Digital,ES5_81,7DAI,Soybean,AG4632,DMCC2127,Shaking,25fold,stemRep3,isolateRep2,sample3,WB_only,47.2,12.24791882
244,244,ES5,DSC_0208.sample1.clean.jpg,NA,Digital,ES5_82,7DAI,Soybean,AG4632,DMCC2127,Stationary,100fold,stemRep1,isolateRep2,sample1,WB_only,250.6,36.25247764
245,245,ES5,DSC_0208.sample2.clean.jpg,NA,Digital,ES5_82,7DAI,Soybean,AG4632,DMCC2127,Stationary,100fold,stemRep1,isolateRep2,sample2,WB_only,269.2,37.97946005
246,246,ES5,DSC_0208.sample3.clean.jpg,NA,Digital,ES5_82,7DAI,Soybean,AG4632,DMCC2127,Stationary,100fold,stemRep1,isolateRep2,sample3,WB_only,248,36.00755167
247,247,ES5,DSC_0031.sample1.clean.jpg,NA,Digital,ES5_83,7DAI,Soybean,AG4632,DMCC2127,Stationary,100fold,stemRep2,isolateRep2,sample1,WB_only,107.3,20.88766143
248,248,ES5,DSC_0031.sample2.clean.jpg,NA,Digital,ES5_83,7DAI,Soybean,AG4632,DMCC2127,Stationary,100fold,stemRep2,isolateRep2,sample2,WB_only,112.1,21.4903579
249,249,ES5,DSC_0031.sample3.clean.jpg,NA,Digital,ES5_83,7DAI,Soybean,AG4632,DMCC2127,Stationary,100fold,stemRep2,isolateRep2,sample3,WB_only,101.9,20.19822564
250,250,ES5,DSC_0171.sample1.clean.jpg,NA,Digital,ES5_84,7DAI,Soybean,AG4632,DMCC2127,Stationary,100fold,stemRep3,isolateRep2,sample1,WB_only,163,27.41081464
251,251,ES5,DSC_0171.sample2.clean.jpg,NA,Digital,ES5_84,7DAI,Soybean,AG4632,DMCC2127,Stationary,100fold,stemRep3,isolateRep2,sample2,WB_only,204.2,31.7348339
252,252,ES5,DSC_0171.sample3.clean.jpg,NA,Digital,ES5_84,7DAI,Soybean,AG4632,DMCC2127,Stationary,100fold,stemRep3,isolateRep2,sample3,WB_only,235.4,34.8076095
253,253,ES5,DSC_0097.sample1.clean.jpg,NA,Digital,ES5_85,7DAI,Soybean,AG4632,DMCC2165,Shaking,25fold,stemRep1,isolateRep2,sample1,WB_only,90.6,18.71256528
254,254,ES5,DSC_0097.sample2.clean.jpg,NA,Digital,ES5_85,7DAI,Soybean,AG4632,DMCC2165,Shaking,25fold,stemRep1,isolateRep2,sample2,WB_only,56.1,13.7033219
255,255,ES5,DSC_0097.sample3.clean.jpg,NA,Digital,ES5_85,7DAI,Soybean,AG4632,DMCC2165,Shaking,25fold,stemRep1,isolateRep2,sample3,WB_only,63,14.77649248
256,256,ES5,DSC_0158.sample1.clean.jpg,NA,Digital,ES5_86,7DAI,Soybean,AG4632,DMCC2165,Shaking,25fold,stemRep2,isolateRep2,sample1,WB_only,133.7,24.09824496
257,257,ES5,DSC_0158.sample2.clean.jpg,NA,Digital,ES5_86,7DAI,Soybean,AG4632,DMCC2165,Shaking,25fold,stemRep2,isolateRep2,sample2,WB_only,154.6,26.48415788
258,258,ES5,DSC_0158.sample3.clean.jpg,NA,Digital,ES5_86,7DAI,Soybean,AG4632,DMCC2165,Shaking,25fold,stemRep2,isolateRep2,sample3,WB_only,174.5,28.65279749
259,259,ES5,DSC_0206.sample1.clean.jpg,NA,Digital,ES5_87,7DAI,Soybean,AG4632,DMCC2165,Shaking,25fold,stemRep3,isolateRep2,sample1,WB_only,164.3,27.55271603
260,260,ES5,DSC_0206.sample2.clean.jpg,NA,Digital,ES5_87,7DAI,Soybean,AG4632,DMCC2165,Shaking,25fold,stemRep3,isolateRep2,sample2,WB_only,174.5,28.65279749
261,261,ES5,DSC_0206.sample3.clean.jpg,NA,Digital,ES5_87,7DAI,Soybean,AG4632,DMCC2165,Shaking,25fold,stemRep3,isolateRep2,sample3,WB_only,149.2,25.87913374
262,262,ES5,DSC_0122.sample1.clean.jpg,NA,Digital,ES5_88,7DAI,Soybean,AG4632,DMCC2165,Stationary,25fold,stemRep1,isolateRep2,sample1,WB_only,202.2,31.53245236
263,263,ES5,DSC_0122.sample2.clean.jpg,NA,Digital,ES5_88,7DAI,Soybean,AG4632,DMCC2165,Stationary,25fold,stemRep1,isolateRep2,sample2,WB_only,244.3,35.65744767
264,264,ES5,DSC_0122.sample3.clean.jpg,NA,Digital,ES5_88,7DAI,Soybean,AG4632,DMCC2165,Stationary,25fold,stemRep1,isolateRep2,sample3,WB_only,253.4,36.51525155
265,265,ES5,NA,NA,Digital,ES5_89,7DAI,Soybean,AG4632,DMCC2165,Stationary,25fold,stemRep2,isolateRep2,sample1,WB_only,NA,NA
266,266,ES5,NA,NA,Digital,ES5_89,7DAI,Soybean,AG4632,DMCC2165,Stationary,25fold,stemRep2,isolateRep2,sample2,WB_only,NA,NA
267,267,ES5,NA,NA,Digital,ES5_89,7DAI,Soybean,AG4632,DMCC2165,Stationary,25fold,stemRep2,isolateRep2,sample3,WB_only,NA,NA
268,268,ES5,DSC_0056.sample1.clean.jpg,NA,Digital,ES5_90,7DAI,Soybean,AG4632,DMCC2165,Stationary,25fold,stemRep3,isolateRep2,sample1,WB_only,226.7,33.96592827
269,269,ES5,DSC_0056.sample2.clean.jpg,NA,Digital,ES5_90,7DAI,Soybean,AG4632,DMCC2165,Stationary,25fold,stemRep3,isolateRep2,sample2,WB_only,264.6,37.55635157
270,270,ES5,DSC_0056.sample3.clean.jpg,NA,Digital,ES5_90,7DAI,Soybean,AG4632,DMCC2165,Stationary,25fold,stemRep3,isolateRep2,sample3,WB_only,289.2,39.79045338
271,271,ES5,DSC_0059.sample1.clean.jpg,NA,Digital,ES5_91,7DAI,Soybean,AG4632,DMCC2165,Shaking,100fold,stemRep1,isolateRep2,sample1,WB_only,99,19.82270311
272,272,ES5,DSC_0059.sample2.clean.jpg,NA,Digital,ES5_91,7DAI,Soybean,AG4632,DMCC2165,Shaking,100fold,stemRep1,isolateRep2,sample2,WB_only,99.3,19.86172715
273,273,ES5,DSC_0059.sample3.clean.jpg,NA,Digital,ES5_91,7DAI,Soybean,AG4632,DMCC2165,Shaking,100fold,stemRep1,isolateRep2,sample3,WB_only,100,19.95262315
274,274,ES5,DSC_0227.sample1.clean.jpg,NA,Digital,ES5_92,7DAI,Soybean,AG4632,DMCC2165,Shaking,100fold,stemRep2,isolateRep2,sample1,WB_only,36.8,10.41840131
275,275,ES5,DSC_0229.sample1.clean.jpg,NA,Digital,ES5_92,7DAI,Soybean,AG4632,DMCC2165,Shaking,100fold,stemRep2,isolateRep2,sample2,WB_only,104.4,20.51895902
276,276,ES5,DSC_0229.sample2.clean.jpg,NA,Digital,ES5_92,7DAI,Soybean,AG4632,DMCC2165,Shaking,100fold,stemRep2,isolateRep2,sample3,WB_only,161.8,27.27947678
277,277,ES5,DSC_0150.sample1.clean.jpg,NA,Digital,ES5_93,7DAI,Soybean,AG4632,DMCC2165,Shaking,100fold,stemRep3,isolateRep2,sample1,WB_only,190.9,30.37552924
278,278,ES5,DSC_0150.sample2.clean.jpg,NA,Digital,ES5_93,7DAI,Soybean,AG4632,DMCC2165,Shaking,100fold,stemRep3,isolateRep2,sample2,WB_only,202,31.51217576
279,279,ES5,DSC_0150.sample3.clean.jpg,NA,Digital,ES5_93,7DAI,Soybean,AG4632,DMCC2165,Shaking,100fold,stemRep3,isolateRep2,sample3,WB_only,201.5,31.46145349
280,280,ES5,DSC_0009.sample1.clean.jpg,NA,Digital,ES5_94,7DAI,Soybean,AG4632,DMCC2165,Stationary,100fold,stemRep1,isolateRep2,sample1,WB_only,0,0
281,281,ES5,DSC_0009.sample1.clean.jpg,NA,Digital,ES5_94,7DAI,Soybean,AG4632,DMCC2165,Stationary,100fold,stemRep1,isolateRep2,sample2,WB_only,0,0
282,282,ES5,DSC_0009.sample1.clean.jpg,NA,Digital,ES5_94,7DAI,Soybean,AG4632,DMCC2165,Stationary,100fold,stemRep1,isolateRep2,sample3,WB_only,0,0
283,283,ES5,DSC_0045.sample1.clean.jpg,NA,Digital,ES5_95,7DAI,Soybean,AG4632,DMCC2165,Stationary,100fold,stemRep2,isolateRep2,sample1,WB_only,28.6,8.843779819
284,284,ES5,DSC_0045.sample2.clean.jpg,NA,Digital,ES5_95,7DAI,Soybean,AG4632,DMCC2165,Stationary,100fold,stemRep2,isolateRep2,sample2,WB_only,20.4,7.100020601
285,285,ES5,DSC_0045.sample3.clean.jpg,NA,Digital,ES5_95,7DAI,Soybean,AG4632,DMCC2165,Stationary,100fold,stemRep2,isolateRep2,sample3,WB_only,38.3,10.69249862
286,286,ES5,DSC_0155.sample1.clean.jpg,NA,Digital,ES5_96,7DAI,Soybean,AG4632,DMCC2165,Stationary,100fold,stemRep3,isolateRep2,sample1,WB_only,84.2,17.84238308
287,287,ES5,DSC_0155.sample2.clean.jpg,NA,Digital,ES5_96,7DAI,Soybean,AG4632,DMCC2165,Stationary,100fold,stemRep3,isolateRep2,sample2,WB_only,60.7,14.4235661
288,288,ES5,DSC_0155.sample3.clean.jpg,NA,Digital,ES5_96,7DAI,Soybean,AG4632,DMCC2165,Stationary,100fold,stemRep3,isolateRep2,sample3,WB_only,63.2,14.80696674
289,289,ES5,DSC_0057.sample1.clean.jpg,NA,Digital,ES5_97,7DAI,Soybean,AG4632,control,Shaking,25fold,stemRep1,isolateRep3,sample1,WB_only,193.7,30.66438461
290,290,ES5,DSC_0057.sample2.clean.jpg,NA,Digital,ES5_97,7DAI,Soybean,AG4632,control,Shaking,25fold,stemRep1,isolateRep3,sample2,WB_only,214.5,32.76632562
291,291,ES5,DSC_0057.sample3.clean.jpg,NA,Digital,ES5_97,7DAI,Soybean,AG4632,control,Shaking,25fold,stemRep1,isolateRep3,sample3,WB_only,26,8.312519482
292,292,ES5,DSC_0190.sample1.clean.jpg,NA,Digital,ES5_98,7DAI,Soybean,AG4632,control,Shaking,25fold,stemRep2,isolateRep3,sample1,WB_only,145.9,25.50562322
293,293,ES5,DSC_0190.sample2.clean.jpg,NA,Digital,ES5_98,7DAI,Soybean,AG4632,control,Shaking,25fold,stemRep2,isolateRep3,sample2,WB_only,128.1,23.43726521
294,294,ES5,DSC_0190.sample3.clean.jpg,NA,Digital,ES5_98,7DAI,Soybean,AG4632,control,Shaking,25fold,stemRep2,isolateRep3,sample3,WB_only,155,26.52867772
295,295,ES5,DSC_0623.sample1.clean.jpg,NA,Digital,ES5_99,7DAI,Soybean,AG4632,control,Shaking,25fold,stemRep3,isolateRep3,sample1,WB_only,171.1,28.28866849
296,296,ES5,DSC_0623.sample2.clean.jpg,NA,Digital,ES5_99,7DAI,Soybean,AG4632,control,Shaking,25fold,stemRep3,isolateRep3,sample2,WB_only,193.9,30.68496102
297,297,ES5,DSC_0623.sample3.clean.jpg,NA,Digital,ES5_99,7DAI,Soybean,AG4632,control,Shaking,25fold,stemRep3,isolateRep3,sample3,WB_only,179.9,29.22605897
298,298,ES5,DSC_0627.sample1.clean.jpg,NA,Digital,ES5_100,7DAI,Soybean,AG4632,control,Stationary,25fold,stemRep1,isolateRep3,sample1,WB_only,133.4,24.06308412
299,299,ES5,DSC_0627.sample2.clean.jpg,NA,Digital,ES5_100,7DAI,Soybean,AG4632,control,Stationary,25fold,stemRep1,isolateRep3,sample2,WB_only,208,32.11745821
300,300,ES5,DSC_0627.sample3.clean.jpg,NA,Digital,ES5_100,7DAI,Soybean,AG4632,control,Stationary,25fold,stemRep1,isolateRep3,sample3,WB_only,214.2,32.73653075
301,301,ES5,DSC_0015.sample1.clean.jpg,NA,Digital,ES5_101,7DAI,Soybean,AG4632,control,Stationary,25fold,stemRep2,isolateRep3,sample1,WB_only,91,18.76622439
302,302,ES5,DSC_0015.sample2.clean.jpg,NA,Digital,ES5_101,7DAI,Soybean,AG4632,control,Stationary,25fold,stemRep2,isolateRep3,sample2,WB_only,37.7,10.58331878
303,303,ES5,DSC_0015.sample3.clean.jpg,NA,Digital,ES5_101,7DAI,Soybean,AG4632,control,Stationary,25fold,stemRep2,isolateRep3,sample3,WB_only,47.6,12.31528649
304,304,ES5,DSC_0637.sample1.clean.jpg,NA,Digital,ES5_102,7DAI,Soybean,AG4632,control,Stationary,25fold,stemRep3,isolateRep3,sample1,WB_only,60.9,14.45443898
305,305,ES5,DSC_0637.sample2.clean.jpg,NA,Digital,ES5_102,7DAI,Soybean,AG4632,control,Stationary,25fold,stemRep3,isolateRep3,sample2,WB_only,84.3,17.85615403
306,306,ES5,DSC_0637.sample3.clean.jpg,NA,Digital,ES5_102,7DAI,Soybean,AG4632,control,Stationary,25fold,stemRep3,isolateRep3,sample3,WB_only,149.7,25.93547284
307,307,ES5,NA,NA,Digital,ES5_103,7DAI,Soybean,AG4632,control,Shaking,100fold,stemRep1,isolateRep3,sample1,WB_only,NA,NA
308,308,ES5,NA,NA,Digital,ES5_103,7DAI,Soybean,AG4632,control,Shaking,100fold,stemRep1,isolateRep3,sample2,WB_only,NA,NA
309,309,ES5,NA,NA,Digital,ES5_103,7DAI,Soybean,AG4632,control,Shaking,100fold,stemRep1,isolateRep3,sample3,WB_only,NA,NA
310,310,ES5,DSC_0055.sample1.clean.jpg,NA,Digital,ES5_104,7DAI,Soybean,AG4632,control,Shaking,100fold,stemRep2,isolateRep3,sample1,WB_only,145.9,25.50562322
311,311,ES5,DSC_0055.sample2.clean.jpg,NA,Digital,ES5_104,7DAI,Soybean,AG4632,control,Shaking,100fold,stemRep2,isolateRep3,sample2,WB_only,147.1,25.64178399
312,312,ES5,DSC_0055.sample3.clean.jpg,NA,Digital,ES5_104,7DAI,Soybean,AG4632,control,Shaking,100fold,stemRep2,isolateRep3,sample3,WB_only,143.9,25.27781413
313,313,ES5,DSC_0169.sample1.clean.jpg,NA,Digital,ES5_105,7DAI,Soybean,AG4632,control,Shaking,100fold,stemRep3,isolateRep3,sample1,WB_only,175.5,28.75942035
314,314,ES5,DSC_0169.sample2.clean.jpg,NA,Digital,ES5_105,7DAI,Soybean,AG4632,control,Shaking,100fold,stemRep3,isolateRep3,sample2,WB_only,337,43.95005628
315,315,ES5,DSC_0169.sample3.clean.jpg,NA,Digital,ES5_105,7DAI,Soybean,AG4632,control,Shaking,100fold,stemRep3,isolateRep3,sample3,WB_only,363.9,46.19961284
316,316,ES5,DSC_0214.sample1.clean.jpg,NA,Digital,ES5_106,7DAI,Soybean,AG4632,control,Stationary,100fold,stemRep1,isolateRep3,sample1,WB_only,200.3,31.33953996
317,317,ES5,DSC_0214.sample2.clean.jpg,NA,Digital,ES5_106,7DAI,Soybean,AG4632,control,Stationary,100fold,stemRep1,isolateRep3,sample2,WB_only,218,33.11286213
318,318,ES5,DSC_0214.sample3.clean.jpg,NA,Digital,ES5_106,7DAI,Soybean,AG4632,control,Stationary,100fold,stemRep1,isolateRep3,sample3,WB_only,266.6,37.74062555
319,319,ES5,DSC_0035.sample1.clean.jpg,NA,Digital,ES5_107,7DAI,Soybean,AG4632,control,Stationary,100fold,stemRep2,isolateRep3,sample1,WB_only,190.7,30.35484017
320,320,ES5,DSC_0035.sample2.clean.jpg,NA,Digital,ES5_107,7DAI,Soybean,AG4632,control,Stationary,100fold,stemRep2,isolateRep3,sample2,WB_only,213.7,32.68684017
321,321,ES5,DSC_0035.sample3.clean.jpg,NA,Digital,ES5_107,7DAI,Soybean,AG4632,control,Stationary,100fold,stemRep2,isolateRep3,sample3,WB_only,235.1,34.77876923
322,322,ES5,DSC_0250.sample1.clean.jpg,NA,Digital,ES5_108,7DAI,Soybean,AG4632,control,Stationary,100fold,stemRep3,isolateRep3,sample1,WB_only,205.5,31.86600992
323,323,ES5,DSC_0250.sample2.clean.jpg,NA,Digital,ES5_108,7DAI,Soybean,AG4632,control,Stationary,100fold,stemRep3,isolateRep3,sample2,WB_only,255.7,36.73034209
324,324,ES5,DSC_0250.sample3.clean.jpg,NA,Digital,ES5_108,7DAI,Soybean,AG4632,control,Stationary,100fold,stemRep3,isolateRep3,sample3,WB_only,271.1,38.15348264
325,325,ES5,DSC_0102.sample1.clean.jpg,NA,Digital,ES5_109,7DAI,Soybean,AG4632,DMCC2126,Shaking,25fold,stemRep1,isolateRep3,sample1,WB_only,48.2,12.41596772
326,326,ES5,DSC_0102.sample2.clean.jpg,NA,Digital,ES5_109,7DAI,Soybean,AG4632,DMCC2126,Shaking,25fold,stemRep1,isolateRep3,sample2,WB_only,42.9,11.51058086
327,327,ES5,DSC_0102.sample3.clean.jpg,NA,Digital,ES5_109,7DAI,Soybean,AG4632,DMCC2126,Shaking,25fold,stemRep1,isolateRep3,sample3,WB_only,41.8,11.31786692
328,328,ES5,DSC_0126.sample1.clean.jpg,NA,Digital,ES5_110,7DAI,Soybean,AG4632,DMCC2126,Shaking,25fold,stemRep2,isolateRep3,sample1,WB_only,30.3,9.182008882
329,329,ES5,DSC_0126.sample2.clean.jpg,NA,Digital,ES5_110,7DAI,Soybean,AG4632,DMCC2126,Shaking,25fold,stemRep2,isolateRep3,sample2,WB_only,43.6,11.63231671
330,330,ES5,DSC_0126.sample3.clean.jpg,NA,Digital,ES5_110,7DAI,Soybean,AG4632,DMCC2126,Shaking,25fold,stemRep2,isolateRep3,sample3,WB_only,51.9,13.02743103
331,331,ES5,DSC_0223.sample1.clean.jpg,NA,Digital,ES5_111,7DAI,Soybean,AG4632,DMCC2126,Shaking,25fold,stemRep3,isolateRep3,sample1,WB_only,110.8,21.32803498
332,332,ES5,DSC_0223.sample2.clean.jpg,NA,Digital,ES5_111,7DAI,Soybean,AG4632,DMCC2126,Shaking,25fold,stemRep3,isolateRep3,sample2,WB_only,95.1,19.31155903
333,333,ES5,DSC_0223.sample3.clean.jpg,NA,Digital,ES5_111,7DAI,Soybean,AG4632,DMCC2126,Shaking,25fold,stemRep3,isolateRep3,sample3,WB_only,92.5,18.96671534
334,334,ES5,DSC_0641.sample1.clean.jpg,NA,Digital,ES5_112,7DAI,Soybean,AG4632,DMCC2126,Stationary,25fold,stemRep1,isolateRep3,sample1,WB_only,142.8,25.15204694
335,335,ES5,DSC_0641.sample2.clean.jpg,NA,Digital,ES5_112,7DAI,Soybean,AG4632,DMCC2126,Stationary,25fold,stemRep1,isolateRep3,sample2,WB_only,82.5,17.60739335
336,336,ES5,DSC_0641.sample3.clean.jpg,NA,Digital,ES5_112,7DAI,Soybean,AG4632,DMCC2126,Stationary,25fold,stemRep1,isolateRep3,sample3,WB_only,93.3,19.07317829
337,337,ES5,DSC_0116.sample1.clean.jpg,NA,Digital,ES5_113,7DAI,Soybean,AG4632,DMCC2126,Stationary,25fold,stemRep2,isolateRep3,sample1,WB_only,91.3,18.80641457
338,338,ES5,DSC_0116.sample2.clean.jpg,NA,Digital,ES5_113,7DAI,Soybean,AG4632,DMCC2126,Stationary,25fold,stemRep2,isolateRep3,sample2,WB_only,73.9,16.39150705
339,339,ES5,DSC_0116.sample3.clean.jpg,NA,Digital,ES5_113,7DAI,Soybean,AG4632,DMCC2126,Stationary,25fold,stemRep2,isolateRep3,sample3,WB_only,85.6,18.0346595
340,340,ES5,DSC_0164.sample1.clean.jpg,NA,Digital,ES5_114,7DAI,Soybean,AG4632,DMCC2126,Stationary,25fold,stemRep3,isolateRep3,sample1,WB_only,63.9,14.91336193
341,341,ES5,DSC_0164.sample2.clean.jpg,NA,Digital,ES5_114,7DAI,Soybean,AG4632,DMCC2126,Stationary,25fold,stemRep3,isolateRep3,sample2,WB_only,49.6,12.64920088
342,342,ES5,DSC_0164.sample3.clean.jpg,NA,Digital,ES5_114,7DAI,Soybean,AG4632,DMCC2126,Stationary,25fold,stemRep3,isolateRep3,sample3,WB_only,55.2,13.5600222
343,343,ES5,DSC_0042.sample1.clean.jpg,NA,Digital,ES5_115,7DAI,Soybean,AG4632,DMCC2126,Shaking,100fold,stemRep1,isolateRep3,sample1,WB_only,188.2,30.09558242
344,344,ES5,DSC_0042.sample2.clean.jpg,NA,Digital,ES5_115,7DAI,Soybean,AG4632,DMCC2126,Shaking,100fold,stemRep1,isolateRep3,sample2,WB_only,162.2,27.32329383
345,345,ES5,DSC_0042.sample3.clean.jpg,NA,Digital,ES5_115,7DAI,Soybean,AG4632,DMCC2126,Shaking,100fold,stemRep1,isolateRep3,sample3,WB_only,145.9,25.50562322
346,346,ES5,DSC_0001.sample1.clean.jpg,NA,Digital,ES5_116,7DAI,Soybean,AG4632,DMCC2126,Shaking,100fold,stemRep2,isolateRep3,sample1,WB_only,74.1,16.42032827
347,347,ES5,DSC_0001.sample2.clean.jpg,NA,Digital,ES5_116,7DAI,Soybean,AG4632,DMCC2126,Shaking,100fold,stemRep2,isolateRep3,sample2,WB_only,70.8,15.94122228
348,348,ES5,DSC_0001.sample3.clean.jpg,NA,Digital,ES5_116,7DAI,Soybean,AG4632,DMCC2126,Shaking,100fold,stemRep2,isolateRep3,sample3,WB_only,74.6,16.49226247
349,349,ES5,DSC_0113.sample1.clean.jpg,NA,Digital,ES5_117,7DAI,Soybean,AG4632,DMCC2126,Shaking,100fold,stemRep3,isolateRep3,sample1,WB_only,193.6,30.65409362
350,350,ES5,DSC_0113.sample2.clean.jpg,NA,Digital,ES5_117,7DAI,Soybean,AG4632,DMCC2126,Shaking,100fold,stemRep3,isolateRep3,sample2,WB_only,194.4,30.73636957
351,351,ES5,DSC_0113.sample3.clean.jpg,NA,Digital,ES5_117,7DAI,Soybean,AG4632,DMCC2126,Shaking,100fold,stemRep3,isolateRep3,sample3,WB_only,185,29.7619665
352,352,ES5,DSC_0167.sample1.clean.jpg,NA,Digital,ES5_118,7DAI,Soybean,AG4632,DMCC2126,Stationary,100fold,stemRep1,isolateRep3,sample1,WB_only,58.2,14.03459679
353,353,ES5,DSC_0167.sample2.clean.jpg,NA,Digital,ES5_118,7DAI,Soybean,AG4632,DMCC2126,Stationary,100fold,stemRep1,isolateRep3,sample2,WB_only,51.7,12.99477766
354,354,ES5,DSC_0167.sample3.clean.jpg,NA,Digital,ES5_118,7DAI,Soybean,AG4632,DMCC2126,Stationary,100fold,stemRep1,isolateRep3,sample3,WB_only,62.9,14.76124266
355,355,ES5,DSC_0221.sample1.clean.jpg,NA,Digital,ES5_119,7DAI,Soybean,AG4632,DMCC2126,Stationary,100fold,stemRep2,isolateRep3,sample1,WB_only,113.3,21.6396106
356,356,ES5,DSC_0221.sample2.clean.jpg,NA,Digital,ES5_119,7DAI,Soybean,AG4632,DMCC2126,Stationary,100fold,stemRep2,isolateRep3,sample2,WB_only,103.4,20.39099181
357,357,ES5,DSC_0221.sample3.clean.jpg,NA,Digital,ES5_119,7DAI,Soybean,AG4632,DMCC2126,Stationary,100fold,stemRep2,isolateRep3,sample3,WB_only,136.6,24.43672236
358,358,ES5,DSC_0233.sample1.clean.jpg,NA,Digital,ES5_120,7DAI,Soybean,AG4632,DMCC2126,Stationary,100fold,stemRep3,isolateRep3,sample1,WB_only,203.8,31.69441329
359,359,ES5,DSC_0233.sample2.clean.jpg,NA,Digital,ES5_120,7DAI,Soybean,AG4632,DMCC2126,Stationary,100fold,stemRep3,isolateRep3,sample2,WB_only,237.1,34.97079538
360,360,ES5,DSC_0233.sample3.clean.jpg,NA,Digital,ES5_120,7DAI,Soybean,AG4632,DMCC2126,Stationary,100fold,stemRep3,isolateRep3,sample3,WB_only,254.3,36.59949846
361,361,ES5,DSC_0076.sample1.clean.jpg,NA,Digital,ES5_121,7DAI,Soybean,AG4632,DMCC2127,Shaking,100fold,stemRep1,isolateRep3,sample1,WB_only,43.3,11.5802286
362,362,ES5,DSC_0076.sample2.clean.jpg,NA,Digital,ES5_121,7DAI,Soybean,AG4632,DMCC2127,Shaking,100fold,stemRep1,isolateRep3,sample2,WB_only,48.7,12.49953407
363,363,ES5,DSC_0076.sample3.clean.jpg,NA,Digital,ES5_121,7DAI,Soybean,AG4632,DMCC2127,Shaking,100fold,stemRep1,isolateRep3,sample3,WB_only,55.1,13.54404972
364,364,ES5,DSC_0210.sample1.clean.jpg,NA,Digital,ES5_122,7DAI,Soybean,AG4632,DMCC2127,Shaking,100fold,stemRep2,isolateRep3,sample1,WB_only,73.9,16.39150705
365,365,ES5,DSC_0210.sample2.clean.jpg,NA,Digital,ES5_122,7DAI,Soybean,AG4632,DMCC2127,Shaking,100fold,stemRep2,isolateRep3,sample2,WB_only,67.4,15.43934717
366,366,ES5,DSC_0210.sample3.clean.jpg,NA,Digital,ES5_122,7DAI,Soybean,AG4632,DMCC2127,Shaking,100fold,stemRep2,isolateRep3,sample3,WB_only,76,16.69278635
367,367,ES5,DSC_0064.sample1.clean.jpg,NA,Digital,ES5_123,7DAI,Soybean,AG4632,DMCC2127,Shaking,100fold,stemRep3,isolateRep3,sample1,WB_only,77.8,16.94871348
368,368,ES5,DSC_0064.sample2.clean.jpg,NA,Digital,ES5_123,7DAI,Soybean,AG4632,DMCC2127,Shaking,100fold,stemRep3,isolateRep3,sample2,WB_only,89,18.49709403
369,369,ES5,DSC_0064.sample3.clean.jpg,NA,Digital,ES5_123,7DAI,Soybean,AG4632,DMCC2127,Shaking,100fold,stemRep3,isolateRep3,sample3,WB_only,136.2,24.39018643
370,370,ES5,DSC_0026.sample1.clean.jpg,NA,Digital,ES5_124,7DAI,Soybean,AG4632,DMCC2127,Stationary,25fold,stemRep1,isolateRep3,sample1,WB_only,61.9,14.60827453
371,371,ES5,DSC_0026.sample1.clean.jpg,NA,Digital,ES5_124,7DAI,Soybean,AG4632,DMCC2127,Stationary,25fold,stemRep1,isolateRep3,sample2,WB_only,61.9,14.60827453
372,372,ES5,DSC_0026.sample1.clean.jpg,NA,Digital,ES5_124,7DAI,Soybean,AG4632,DMCC2127,Stationary,25fold,stemRep1,isolateRep3,sample3,WB_only,61.9,14.60827453
373,373,ES5,DSC_0246.sample1.clean.jpg,NA,Digital,ES5_125,7DAI,Soybean,AG4632,DMCC2127,Stationary,25fold,stemRep2,isolateRep3,sample1,WB_only,130.3,23.69811869
374,374,ES5,DSC_0246.sample1.clean.jpg,NA,Digital,ES5_125,7DAI,Soybean,AG4632,DMCC2127,Stationary,25fold,stemRep2,isolateRep3,sample2,WB_only,130.3,23.69811869
375,375,ES5,DSC_0246.sample1.clean.jpg,NA,Digital,ES5_125,7DAI,Soybean,AG4632,DMCC2127,Stationary,25fold,stemRep2,isolateRep3,sample3,WB_only,130.3,23.69811869
376,376,ES5,DSC_0186.sample1.clean.jpg,NA,Digital,ES5_126,7DAI,Soybean,AG4632,DMCC2127,Stationary,25fold,stemRep3,isolateRep3,sample1,WB_only,135,24.25029073
377,377,ES5,DSC_0186.sample2.clean.jpg,NA,Digital,ES5_126,7DAI,Soybean,AG4632,DMCC2127,Stationary,25fold,stemRep3,isolateRep3,sample2,WB_only,154.2,26.43959771
378,378,ES5,DSC_0186.sample3.clean.jpg,NA,Digital,ES5_126,7DAI,Soybean,AG4632,DMCC2127,Stationary,25fold,stemRep3,isolateRep3,sample3,WB_only,162.3,27.33424218
379,379,ES5,DSC_0051.sample1.clean.jpg,NA,Digital,ES5_127,7DAI,Soybean,AG4632,DMCC2127,Shaking,25fold,stemRep1,isolateRep3,sample1,WB_only,119.5,22.40212099
380,380,ES5,DSC_0051.sample2.clean.jpg,NA,Digital,ES5_127,7DAI,Soybean,AG4632,DMCC2127,Shaking,25fold,stemRep1,isolateRep3,sample2,WB_only,81.6,17.48230139
381,381,ES5,DSC_0051.sample3.clean.jpg,NA,Digital,ES5_127,7DAI,Soybean,AG4632,DMCC2127,Shaking,25fold,stemRep1,isolateRep3,sample3,WB_only,51.1,12.89655115
382,382,ES5,DSC_0179.sample1.clean.jpg,NA,Digital,ES5_128,7DAI,Soybean,AG4632,DMCC2127,Shaking,25fold,stemRep2,isolateRep3,sample1,WB_only,94.9,19.28515075
383,383,ES5,DSC_0179.sample2.clean.jpg,NA,Digital,ES5_128,7DAI,Soybean,AG4632,DMCC2127,Shaking,25fold,stemRep2,isolateRep3,sample2,WB_only,58.9,14.14408774
384,384,ES5,DSC_0179.sample3.clean.jpg,NA,Digital,ES5_128,7DAI,Soybean,AG4632,DMCC2127,Shaking,25fold,stemRep2,isolateRep3,sample3,WB_only,45.4,11.94225401
385,385,ES5,DSC_0083.sample1.clean.jpg,NA,Digital,ES5_129,7DAI,Soybean,AG4632,DMCC2127,Shaking,25fold,stemRep3,isolateRep3,sample1,WB_only,0,0
386,386,ES5,DSC_0083.sample1.clean.jpg,NA,Digital,ES5_129,7DAI,Soybean,AG4632,DMCC2127,Shaking,25fold,stemRep3,isolateRep3,sample2,WB_only,0,0
387,387,ES5,DSC_0083.sample1.clean.jpg,NA,Digital,ES5_129,7DAI,Soybean,AG4632,DMCC2127,Shaking,25fold,stemRep3,isolateRep3,sample3,WB_only,0,0
388,388,ES5,DSC_0183.sample1.clean.jpg,NA,Digital,ES5_130,7DAI,Soybean,AG4632,DMCC2127,Stationary,100fold,stemRep1,isolateRep3,sample1,WB_only,226.8,33.97566631
389,389,ES5,DSC_0183.sample2.clean.jpg,NA,Digital,ES5_130,7DAI,Soybean,AG4632,DMCC2127,Stationary,100fold,stemRep1,isolateRep3,sample2,WB_only,239.8,35.22913389
390,390,ES5,DSC_0183.sample3.clean.jpg,NA,Digital,ES5_130,7DAI,Soybean,AG4632,DMCC2127,Stationary,100fold,stemRep1,isolateRep3,sample3,WB_only,270.2,38.07110428
391,391,ES5,DSC_0089.sample1.clean.jpg,NA,Digital,ES5_131,7DAI,Soybean,AG4632,DMCC2127,Stationary,100fold,stemRep2,isolateRep3,sample1,WB_only,256.3,36.78634114
392,392,ES5,DSC_0089.sample2.clean.jpg,NA,Digital,ES5_131,7DAI,Soybean,AG4632,DMCC2127,Stationary,100fold,stemRep2,isolateRep3,sample2,WB_only,302.8,40.99692808
393,393,ES5,DSC_0089.sample3.clean.jpg,NA,Digital,ES5_131,7DAI,Soybean,AG4632,DMCC2127,Stationary,100fold,stemRep2,isolateRep3,sample3,WB_only,339.2,44.13633815
394,394,ES5,DSC_0022.sample1.clean.jpg,NA,Digital,ES5_132,7DAI,Soybean,AG4632,DMCC2127,Stationary,100fold,stemRep3,isolateRep3,sample1,WB_only,197,31.00295194
395,395,ES5,DSC_0022.sample2.clean.jpg,NA,Digital,ES5_132,7DAI,Soybean,AG4632,DMCC2127,Stationary,100fold,stemRep3,isolateRep3,sample2,WB_only,241,35.34362395
396,396,ES5,DSC_0022.sample3.clean.jpg,NA,Digital,ES5_132,7DAI,Soybean,AG4632,DMCC2127,Stationary,100fold,stemRep3,isolateRep3,sample3,WB_only,271.2,38.16262988
397,397,ES5,DSC_0202.sample1.clean.jpg,NA,Digital,ES5_133,7DAI,Soybean,AG4632,DMCC2165,Shaking,25fold,stemRep1,isolateRep3,sample1,WB_only,40.3,11.05218841
398,398,ES5,DSC_0202.sample2.clean.jpg,NA,Digital,ES5_133,7DAI,Soybean,AG4632,DMCC2165,Shaking,25fold,stemRep1,isolateRep3,sample2,WB_only,52.1,13.06004039
399,399,ES5,DSC_0202.sample3.clean.jpg,NA,Digital,ES5_133,7DAI,Soybean,AG4632,DMCC2165,Shaking,25fold,stemRep1,isolateRep3,sample3,WB_only,61.8,14.59293032
400,400,ES5,DSC_0237.sample1.clean.jpg,NA,Digital,ES5_134,7DAI,Soybean,AG4632,DMCC2165,Shaking,25fold,stemRep2,isolateRep3,sample1,WB_only,89,18.49709403
401,401,ES5,DSC_0237.sample2.clean.jpg,NA,Digital,ES5_134,7DAI,Soybean,AG4632,DMCC2165,Shaking,25fold,stemRep2,isolateRep3,sample2,WB_only,51.2,12.91295016
402,402,ES5,DSC_0237.sample3.clean.jpg,NA,Digital,ES5_134,7DAI,Soybean,AG4632,DMCC2165,Shaking,25fold,stemRep2,isolateRep3,sample3,WB_only,65.6,15.17006688
403,403,ES5,DSC_0011.sample1.clean.jpg,NA,Digital,ES5_135,7DAI,Soybean,AG4632,DMCC2165,Shaking,25fold,stemRep3,isolateRep3,sample1,WB_only,80.9,17.38467352
404,404,ES5,DSC_0011.sample2.clean.jpg,NA,Digital,ES5_135,7DAI,Soybean,AG4632,DMCC2165,Shaking,25fold,stemRep3,isolateRep3,sample2,WB_only,72.2,16.14541373
405,405,ES5,DSC_0011.sample3.clean.jpg,NA,Digital,ES5_135,7DAI,Soybean,AG4632,DMCC2165,Shaking,25fold,stemRep3,isolateRep3,sample3,WB_only,75,16.5496884
406,406,ES5,DSC_0100.sample1.clean.jpg,NA,Digital,ES5_136,7DAI,Soybean,AG4632,DMCC2165,Stationary,25fold,stemRep1,isolateRep3,sample1,WB_only,167.2,27.86785727
407,407,ES5,DSC_0100.sample2.clean.jpg,NA,Digital,ES5_136,7DAI,Soybean,AG4632,DMCC2165,Stationary,25fold,stemRep1,isolateRep3,sample2,WB_only,159.1,26.98271317
408,408,ES5,DSC_0100.sample3.clean.jpg,NA,Digital,ES5_136,7DAI,Soybean,AG4632,DMCC2165,Stationary,25fold,stemRep1,isolateRep3,sample3,WB_only,111.7,21.44048289
409,409,ES5,DSC_0044.sample1.clean.jpg,NA,Digital,ES5_137,7DAI,Soybean,AG4632,DMCC2165,Stationary,25fold,stemRep2,isolateRep3,sample1,WB_only,48,12.38245631
410,410,ES5,DSC_0044.sample1.clean.jpg,NA,Digital,ES5_137,7DAI,Soybean,AG4632,DMCC2165,Stationary,25fold,stemRep2,isolateRep3,sample2,WB_only,48,12.38245631
411,411,ES5,DSC_0044.sample1.clean.jpg,NA,Digital,ES5_137,7DAI,Soybean,AG4632,DMCC2165,Stationary,25fold,stemRep2,isolateRep3,sample3,WB_only,48,12.38245631
412,412,ES5,DSC_0159.sample1.clean.jpg,NA,Digital,ES5_138,7DAI,Soybean,AG4632,DMCC2165,Stationary,25fold,stemRep3,isolateRep3,sample1,WB_only,50.1,12.7319382
413,413,ES5,DSC_0159.sample2.clean.jpg,NA,Digital,ES5_138,7DAI,Soybean,AG4632,DMCC2165,Stationary,25fold,stemRep3,isolateRep3,sample2,WB_only,74,16.40592107
414,414,ES5,DSC_0159.sample3.clean.jpg,NA,Digital,ES5_138,7DAI,Soybean,AG4632,DMCC2165,Stationary,25fold,stemRep3,isolateRep3,sample3,WB_only,54.2,13.39983764
415,415,ES5,DSC_0180.sample1.clean.jpg,NA,Digital,ES5_139,7DAI,Soybean,AG4632,DMCC2165,Shaking,100fold,stemRep1,isolateRep3,sample1,WB_only,62.9,14.76124266
416,416,ES5,DSC_0180.sample2.clean.jpg,NA,Digital,ES5_139,7DAI,Soybean,AG4632,DMCC2165,Shaking,100fold,stemRep1,isolateRep3,sample2,WB_only,73.7,16.36265852
417,417,ES5,DSC_0180.sample3.clean.jpg,NA,Digital,ES5_139,7DAI,Soybean,AG4632,DMCC2165,Shaking,100fold,stemRep1,isolateRep3,sample3,WB_only,76,16.69278635
418,418,ES5,DSC_0151.sample1.clean.jpg,NA,Digital,ES5_140,7DAI,Soybean,AG4632,DMCC2165,Shaking,100fold,stemRep2,isolateRep3,sample1,WB_only,77.2,16.863637
419,419,ES5,DSC_0151.sample2.clean.jpg,NA,Digital,ES5_140,7DAI,Soybean,AG4632,DMCC2165,Shaking,100fold,stemRep2,isolateRep3,sample2,WB_only,69.4,15.73561263
420,420,ES5,DSC_0151.sample3.clean.jpg,NA,Digital,ES5_140,7DAI,Soybean,AG4632,DMCC2165,Shaking,100fold,stemRep2,isolateRep3,sample3,WB_only,113.6,21.67683717
421,421,ES5,DSC_0649.sample1.clean.jpg,NA,Digital,ES5_141,7DAI,Soybean,AG4632,DMCC2165,Shaking,100fold,stemRep3,isolateRep3,sample1,WB_only,227.8,34.07296427
422,422,ES5,DSC_0649.sample2.clean.jpg,NA,Digital,ES5_141,7DAI,Soybean,AG4632,DMCC2165,Shaking,100fold,stemRep3,isolateRep3,sample2,WB_only,268.7,37.93359326
423,423,ES5,DSC_0649.sample3.clean.jpg,NA,Digital,ES5_141,7DAI,Soybean,AG4632,DMCC2165,Shaking,100fold,stemRep3,isolateRep3,sample3,WB_only,273.2,38.34532754
424,424,ES5,DSC_0229.sample3.clean.jpg,NA,Digital,ES5_142,7DAI,Soybean,AG4632,DMCC2165,Stationary,100fold,stemRep1,isolateRep3,sample1,WB_only,158,26.8613049
425,425,ES5,DSC_0229.sample3.clean.jpg,NA,Digital,ES5_142,7DAI,Soybean,AG4632,DMCC2165,Stationary,100fold,stemRep1,isolateRep3,sample2,WB_only,158,26.8613049
426,426,ES5,DSC_0229.sample3.clean.jpg,NA,Digital,ES5_142,7DAI,Soybean,AG4632,DMCC2165,Stationary,100fold,stemRep1,isolateRep3,sample3,WB_only,158,26.8613049
427,427,ES5,DSC_0120.sample1.clean.jpg,NA,Digital,ES5_143,7DAI,Soybean,AG4632,DMCC2165,Stationary,100fold,stemRep2,isolateRep3,sample1,WB_only,210.2,32.33785896
428,428,ES5,DSC_0120.sample2.clean.jpg,NA,Digital,ES5_143,7DAI,Soybean,AG4632,DMCC2165,Stationary,100fold,stemRep2,isolateRep3,sample2,WB_only,216.2,32.93488856
429,429,ES5,DSC_0120.sample3.clean.jpg,NA,Digital,ES5_143,7DAI,Soybean,AG4632,DMCC2165,Stationary,100fold,stemRep2,isolateRep3,sample3,WB_only,223.9,33.69264925
430,430,ES5,DSC_0639.sample1.clean.jpg,NA,Digital,ES5_144,7DAI,Soybean,AG4632,DMCC2165,Stationary,100fold,stemRep3,isolateRep3,sample1,WB_only,189.7,30.25128068
431,431,ES5,DSC_0639.sample2.clean.jpg,NA,Digital,ES5_144,7DAI,Soybean,AG4632,DMCC2165,Stationary,100fold,stemRep3,isolateRep3,sample2,WB_only,181.5,29.39475258
432,432,ES5,DSC_0639.sample3.clean.jpg,NA,Digital,ES5_144,7DAI,Soybean,AG4632,DMCC2165,Stationary,100fold,stemRep3,isolateRep3,sample3,WB_only,206.4,31.95665399